SORBI_3010G000900	GO:0005634
SORBI_3010G000900	GO:0005737
SORBI_3010G000900	GO:0004842
SORBI_3010G000900	GO:0070696
SORBI_3010G000900	GO:0016567
SORBI_3010G000900	GO:0005515
SORBI_3010G002201	GO:0055114
SORBI_3010G002201	GO:0098869
SORBI_3010G002201	GO:0004601
SORBI_3010G002201	GO:0020037
SORBI_3010G002201	GO:0006979
SORBI_3010G002400	GO:0016021
SORBI_3010G002400	GO:0016603
SORBI_3010G002400	GO:0017186
SORBI_3010G002400	GO:0016020
SORBI_3010G002400	GO:0005886
SORBI_3010G003100	GO:0016722
SORBI_3010G003100	GO:0005507
SORBI_3010G003100	GO:0016491
SORBI_3010G003100	GO:0055114
SORBI_3010G003100	GO:0005886
SORBI_3010G003100	GO:0046658
SORBI_3010G003100	GO:0006826
SORBI_3010G003100	GO:0004322
SORBI_3010G003100	GO:0055072
SORBI_3010G003200	GO:0007165
SORBI_3010G003200	GO:0043547
SORBI_3010G003200	GO:0005096
SORBI_3010G004600	GO:0000398
SORBI_3010G004600	GO:0005681
SORBI_3010G004600	GO:0003723
SORBI_3010G004600	GO:0045292
SORBI_3010G004600	GO:0071013
SORBI_3010G004800	GO:0016021
SORBI_3010G004800	GO:0007165
SORBI_3010G004800	GO:0016020
SORBI_3010G004800	GO:0016020
SORBI_3010G004800	GO:0005515
SORBI_3010G006400	GO:0061630
SORBI_3010G006400	GO:0016567
SORBI_3010G006700	GO:0016020
SORBI_3010G006700	GO:0016021
SORBI_3010G006700	GO:0022857
SORBI_3010G006700	GO:0055085
SORBI_3010G006700	GO:0005886
SORBI_3010G006800	GO:0016021
SORBI_3010G006800	GO:0006810
SORBI_3010G006800	GO:0005886
SORBI_3010G006800	GO:0022857
SORBI_3010G006800	GO:0016020
SORBI_3010G006800	GO:0022857
SORBI_3010G006800	GO:0055085
SORBI_3010G007300	GO:0005886
SORBI_3010G007300	GO:0005829
SORBI_3010G007300	GO:0050308
SORBI_3010G007300	GO:0016787
SORBI_3010G007400	GO:0005634
SORBI_3010G007400	GO:0005737
SORBI_3010G007400	GO:0051603
SORBI_3010G007400	GO:0004298
SORBI_3010G007400	GO:0005839
SORBI_3010G007400	GO:0016787
SORBI_3010G007400	GO:0008233
SORBI_3010G007400	GO:0006508
SORBI_3010G007400	GO:0004175
SORBI_3010G007400	GO:0000502
SORBI_3010G007400	GO:0005634
SORBI_3010G007400	GO:0005737
SORBI_3010G007400	GO:0004175
SORBI_3010G007400	GO:0010498
SORBI_3010G007400	GO:0010499
SORBI_3010G007400	GO:0043161
SORBI_3010G007400	GO:0005839
SORBI_3010G008100	GO:0003723
SORBI_3010G008100	GO:0003676
SORBI_3010G008600	GO:0016021
SORBI_3010G008600	GO:0005794
SORBI_3010G008600	GO:0071555
SORBI_3010G008600	GO:0071669
SORBI_3010G008600	GO:0016760
SORBI_3010G008600	GO:0051753
SORBI_3010G008600	GO:0030244
SORBI_3010G008600	GO:0016020
SORBI_3010G008600	GO:0016740
SORBI_3010G008600	GO:0016757
SORBI_3010G008600	GO:0097502
SORBI_3010G008600	GO:0005886
SORBI_3010G008600	GO:0009833
SORBI_3010G008600	GO:0005802
SORBI_3010G009700	GO:0005515
SORBI_3010G009800	GO:0005515
SORBI_3010G010900	GO:0016021
SORBI_3010G010900	GO:0016020
SORBI_3010G012100	GO:0000184
SORBI_3010G012100	GO:0000184
SORBI_3010G012800	GO:0000062
SORBI_3010G014800	GO:0016021
SORBI_3010G014800	GO:0016020
SORBI_3010G015700	GO:0003723
SORBI_3010G015700	GO:0043231
SORBI_3010G015700	GO:0009451
SORBI_3010G015700	GO:0004519
SORBI_3010G015700	GO:0005515
SORBI_3010G015800	GO:0004842
SORBI_3010G015800	GO:0016567
SORBI_3010G015800	GO:0046621
SORBI_3010G015800	GO:0004842
SORBI_3010G015800	GO:0031624
SORBI_3010G015900	GO:0005634
SORBI_3010G015900	GO:0045944
SORBI_3010G015900	GO:0001102
SORBI_3010G015900	GO:0000122
SORBI_3010G015900	GO:0045892
SORBI_3010G015900	GO:0005667
SORBI_3010G017700	GO:0004857
SORBI_3010G017700	GO:0043086
SORBI_3010G018500	GO:0016021
SORBI_3010G018500	GO:0016020
SORBI_3010G018600	GO:0016491
SORBI_3010G018900	GO:0005739
SORBI_3010G018900	GO:0003723
SORBI_3010G018900	GO:0043231
SORBI_3010G018900	GO:0009451
SORBI_3010G018900	GO:0004519
SORBI_3010G018900	GO:0005739
SORBI_3010G018900	GO:0005515
SORBI_3010G020100	GO:0052861
SORBI_3010G020200	GO:0005576
SORBI_3010G020200	GO:0005615
SORBI_3010G020300	GO:0005634
SORBI_3010G020300	GO:0005524
SORBI_3010G020300	GO:0000166
SORBI_3010G020300	GO:0016887
SORBI_3010G020300	GO:0008568
SORBI_3010G020300	GO:0031122
SORBI_3010G020300	GO:0051013
SORBI_3010G021500	GO:0005634
SORBI_3010G021500	GO:0005737
SORBI_3010G021500	GO:0009793
SORBI_3010G021500	GO:0006974
SORBI_3010G021500	GO:0048481
SORBI_3010G021500	GO:0009555
SORBI_3010G021500	GO:0010044
SORBI_3010G021500	GO:0006282
SORBI_3010G021500	GO:2000280
SORBI_3010G021500	GO:0010497
SORBI_3010G021500	GO:0071158
SORBI_3010G021500	GO:0009663
SORBI_3010G021500	GO:0072718
SORBI_3010G021500	GO:0048700
SORBI_3010G021500	GO:0031570
SORBI_3010G021500	GO:0005515
SORBI_3010G022000	GO:0016021
SORBI_3010G022000	GO:0001505
SORBI_3010G022000	GO:0004969
SORBI_3010G022000	GO:0007186
SORBI_3010G022100	GO:0015995
SORBI_3010G022100	GO:0046406
SORBI_3010G022100	GO:0016740
SORBI_3010G022100	GO:0008168
SORBI_3010G022100	GO:0032259
SORBI_3010G022100	GO:0008168
SORBI_3010G025850	GO:0005634
SORBI_3010G025850	GO:0003677
SORBI_3010G026200	GO:0016192
SORBI_3010G026200	GO:0006904
SORBI_3010G026200	GO:0005886
SORBI_3010G026200	GO:0006886
SORBI_3010G026200	GO:0016192
SORBI_3010G026200	GO:0019905
SORBI_3010G026200	GO:0006904
SORBI_3010G026200	GO:0030141
SORBI_3010G026300	GO:0005774
SORBI_3010G026300	GO:0005886
SORBI_3010G026300	GO:0005794
SORBI_3010G026300	GO:0009506
SORBI_3010G026400	GO:0000398
SORBI_3010G026400	GO:0005684
SORBI_3010G026400	GO:0070274
SORBI_3010G027200	GO:0004252
SORBI_3010G027200	GO:0006508
SORBI_3010G027200	GO:0009658
SORBI_3010G027200	GO:0009534
SORBI_3010G027200	GO:0009840
SORBI_3010G027200	GO:0010287
SORBI_3010G027200	GO:0009941
SORBI_3010G027200	GO:0004176
SORBI_3010G027200	GO:0004252
SORBI_3010G027200	GO:0051117
SORBI_3010G027200	GO:0006515
SORBI_3010G027200	GO:0009368
SORBI_3010G027200	GO:0016787
SORBI_3010G027200	GO:0009507
SORBI_3010G027200	GO:0009536
SORBI_3010G027200	GO:0008233
SORBI_3010G027200	GO:0008236
SORBI_3010G027200	GO:0009570
SORBI_3010G027800	GO:0005829
SORBI_3010G027800	GO:0005730
SORBI_3010G027800	GO:0009793
SORBI_3010G027800	GO:0000027
SORBI_3010G027800	GO:0030687
SORBI_3010G027800	GO:0000470
SORBI_3010G027800	GO:0000460
SORBI_3010G027800	GO:0042134
SORBI_3010G027800	GO:0006364
SORBI_3010G028000	GO:0009507
SORBI_3010G028000	GO:0006364
SORBI_3010G028000	GO:0043024
SORBI_3010G028000	GO:0042254
SORBI_3010G028200	GO:0008446
SORBI_3010G028200	GO:0019673
SORBI_3010G028200	GO:0005737
SORBI_3010G028200	GO:0008446
SORBI_3010G028200	GO:0019673
SORBI_3010G028200	GO:0042351
SORBI_3010G028300	GO:0005515
SORBI_3010G028300	GO:0005634
SORBI_3010G028300	GO:0006355
SORBI_3010G028800	GO:0016491
SORBI_3010G028800	GO:0055114
SORBI_3010G028900	GO:0003676
SORBI_3010G028900	GO:0000932
SORBI_3010G028900	GO:0030015
SORBI_3010G028900	GO:0017148
SORBI_3010G028900	GO:0004535
SORBI_3010G028900	GO:0043928
SORBI_3010G028900	GO:0030014
SORBI_3010G028900	GO:0090503
SORBI_3010G028900	GO:0004535
SORBI_3010G028950	GO:0005524
SORBI_3010G028950	GO:0004672
SORBI_3010G028950	GO:0006468
SORBI_3010G028950	GO:0006468
SORBI_3010G028950	GO:0005886
SORBI_3010G028950	GO:0004674
SORBI_3010G028950	GO:0007166
SORBI_3010G029000	GO:0016021
SORBI_3010G029000	GO:0016020
SORBI_3010G029200	GO:0005634
SORBI_3010G029200	GO:0003677
SORBI_3010G029200	GO:0006351
SORBI_3010G029200	GO:0006355
SORBI_3010G029200	GO:0046983
SORBI_3010G029200	GO:0000976
SORBI_3010G029200	GO:0000977
SORBI_3010G029200	GO:0000981
SORBI_3010G029200	GO:0008134
SORBI_3010G029200	GO:0043565
SORBI_3010G029200	GO:0006357
SORBI_3010G029200	GO:0005634
SORBI_3010G029300	GO:0003993
SORBI_3010G029300	GO:0016311
SORBI_3010G029400	GO:0005634
SORBI_3010G029400	GO:0005737
SORBI_3010G029400	GO:0051603
SORBI_3010G029400	GO:0004298
SORBI_3010G029400	GO:0005839
SORBI_3010G029400	GO:0016787
SORBI_3010G029400	GO:0008233
SORBI_3010G029400	GO:0006508
SORBI_3010G029400	GO:0004175
SORBI_3010G029400	GO:0000502
SORBI_3010G029400	GO:0005634
SORBI_3010G029400	GO:0005737
SORBI_3010G029400	GO:0004175
SORBI_3010G029400	GO:0010498
SORBI_3010G029400	GO:0010499
SORBI_3010G029400	GO:0043161
SORBI_3010G029400	GO:0005839
SORBI_3010G029600	GO:0046982
SORBI_3010G029600	GO:0045893
SORBI_3010G029700	GO:0016491
SORBI_3010G029700	GO:0046872
SORBI_3010G029700	GO:0055114
SORBI_3010G029700	GO:0051213
SORBI_3010G029800	GO:0046982
SORBI_3010G030000	GO:0016021
SORBI_3010G030000	GO:0016020
SORBI_3010G030000	GO:0005515
SORBI_3010G031700	GO:0005576
SORBI_3010G031700	GO:0006952
SORBI_3010G031900	GO:0016021
SORBI_3010G031900	GO:0016020
SORBI_3010G032100	GO:0016021
SORBI_3010G032100	GO:0016020
SORBI_3010G032300	GO:0003723
SORBI_3010G032300	GO:0043231
SORBI_3010G032300	GO:0009451
SORBI_3010G032300	GO:0004519
SORBI_3010G032300	GO:0005515
SORBI_3010G035200	GO:0006355
SORBI_3010G035200	GO:0006952
SORBI_3010G035200	GO:0003697
SORBI_3010G035200	GO:0003677
SORBI_3010G036400	GO:0016021
SORBI_3010G036400	GO:0016020
SORBI_3010G038200	GO:0005634
SORBI_3010G038200	GO:0006260
SORBI_3010G038200	GO:0005737
SORBI_3010G038200	GO:0000076
SORBI_3010G038200	GO:0051276
SORBI_3010G038200	GO:0000278
SORBI_3010G038200	GO:0003677
SORBI_3010G038200	GO:0070182
SORBI_3010G038200	GO:0030174
SORBI_3010G038200	GO:0071163
SORBI_3010G040200	GO:0016747
SORBI_3010G040400	GO:0005576
SORBI_3010G040400	GO:0005975
SORBI_3010G040400	GO:0071555
SORBI_3010G040400	GO:0004650
SORBI_3010G040400	GO:0016787
SORBI_3010G040400	GO:0016798
SORBI_3010G040400	GO:0008152
SORBI_3010G040800	GO:0003723
SORBI_3010G040800	GO:0003676
SORBI_3010G040800	GO:0003729
SORBI_3010G040900	GO:0005737
SORBI_3010G040900	GO:0006888
SORBI_3010G040900	GO:0017112
SORBI_3010G040900	GO:0030008
SORBI_3010G040900	GO:0005783
SORBI_3010G040900	GO:0016192
SORBI_3010G040900	GO:0005794
SORBI_3010G040900	GO:0030008
SORBI_3010G040900	GO:0006888
SORBI_3010G041000	GO:0005524
SORBI_3010G041000	GO:0008094
SORBI_3010G041000	GO:0006281
SORBI_3010G041000	GO:0003684
SORBI_3010G041000	GO:0003677
SORBI_3010G041000	GO:0000725
SORBI_3010G041600	GO:0015629
SORBI_3010G041600	GO:0042989
SORBI_3010G041600	GO:0003785
SORBI_3010G041600	GO:0005938
SORBI_3010G041600	GO:0005856
SORBI_3010G041600	GO:0003779
SORBI_3010G041700	GO:0008270
SORBI_3010G041700	GO:0005622
SORBI_3010G041700	GO:0043565
SORBI_3010G041700	GO:0015995
SORBI_3010G041700	GO:0009658
SORBI_3010G041700	GO:0009641
SORBI_3010G041700	GO:0009718
SORBI_3010G041700	GO:0016607
SORBI_3010G041700	GO:0005634
SORBI_3010G041700	GO:0006355
SORBI_3010G041700	GO:0009640
SORBI_3010G043200	GO:0005634
SORBI_3010G043200	GO:0005524
SORBI_3010G043200	GO:0005737
SORBI_3010G043200	GO:0010468
SORBI_3010G043200	GO:0004707
SORBI_3010G043200	GO:0000166
SORBI_3010G043200	GO:0016301
SORBI_3010G043200	GO:0016310
SORBI_3010G043200	GO:0016740
SORBI_3010G043200	GO:0004672
SORBI_3010G043200	GO:0006468
SORBI_3010G043200	GO:0004674
SORBI_3010G043200	GO:0004707
SORBI_3010G043200	GO:0000165
SORBI_3010G043200	GO:0051301
SORBI_3010G043200	GO:0009651
SORBI_3010G043200	GO:0009864
SORBI_3010G043200	GO:0009737
SORBI_3010G043200	GO:0009555
SORBI_3010G043200	GO:0010224
SORBI_3010G043200	GO:0010150
SORBI_3010G043200	GO:0048364
SORBI_3010G043200	GO:0010183
SORBI_3010G043200	GO:0019902
SORBI_3010G043200	GO:0009574
SORBI_3010G043200	GO:0009620
SORBI_3010G043200	GO:0009723
SORBI_3010G043200	GO:0080136
SORBI_3010G043200	GO:0010229
SORBI_3010G043200	GO:0010120
SORBI_3010G043200	GO:0050826
SORBI_3010G043200	GO:1902065
SORBI_3010G043200	GO:0009524
SORBI_3010G043200	GO:0048481
SORBI_3010G043200	GO:0005802
SORBI_3010G043200	GO:0042542
SORBI_3010G043200	GO:0035556
SORBI_3010G043250	GO:0016020
SORBI_3010G043250	GO:0016021
SORBI_3010G045100	GO:0009909
SORBI_3010G045100	GO:0048573
SORBI_3010G045100	GO:0008429
SORBI_3010G045100	GO:0010228
SORBI_3010G045100	GO:0009909
SORBI_3010G045100	GO:0010229
SORBI_3010G045100	GO:0048510
SORBI_3010G045200	GO:0005739
SORBI_3010G045200	GO:0034553
SORBI_3010G045966	GO:0016020
SORBI_3010G045966	GO:0016021
SORBI_3010G045966	GO:0008146
SORBI_3010G045966	GO:0009733
SORBI_3010G045966	GO:0010468
SORBI_3010G045966	GO:0010082
SORBI_3010G045966	GO:0008476
SORBI_3010G045966	GO:0010366
SORBI_3010G045966	GO:0055070
SORBI_3010G045966	GO:0019827
SORBI_3010G045966	GO:0045087
SORBI_3010G045966	GO:0005768
SORBI_3010G045966	GO:0005802
SORBI_3010G045966	GO:0017095
SORBI_3010G045966	GO:0015015
SORBI_3010G046100	GO:0005634
SORBI_3010G046100	GO:0006351
SORBI_3010G046100	GO:0006355
SORBI_3010G046100	GO:0005774
SORBI_3010G046100	GO:0055085
SORBI_3010G046100	GO:0046872
SORBI_3010G046100	GO:0042626
SORBI_3010G046100	GO:0000325
SORBI_3010G046100	GO:0006368
SORBI_3010G046100	GO:0008023
SORBI_3010G046100	GO:0000993
SORBI_3010G046100	GO:0048096
SORBI_3010G046200	GO:0005886
SORBI_3010G046200	GO:0007165
SORBI_3010G046200	GO:0043531
SORBI_3010G046200	GO:0006952
SORBI_3010G046200	GO:0000166
SORBI_3010G046200	GO:0006952
SORBI_3010G048800	GO:0016020
SORBI_3010G051700	GO:0003677
SORBI_3010G051700	GO:0005694
SORBI_3010G051700	GO:0006265
SORBI_3010G051700	GO:0003917
SORBI_3010G051700	GO:0003916
SORBI_3010G053100	GO:0046872
SORBI_3010G053100	GO:0006368
SORBI_3010G053100	GO:0000993
SORBI_3010G053100	GO:0048096
SORBI_3010G053100	GO:0008023
SORBI_3010G053100	GO:0005634
SORBI_3010G053200	GO:0046872
SORBI_3010G053200	GO:0006368
SORBI_3010G053200	GO:0000993
SORBI_3010G053200	GO:0048096
SORBI_3010G053200	GO:0008023
SORBI_3010G053200	GO:0005634
SORBI_3010G053600	GO:0003723
SORBI_3010G053600	GO:0000398
SORBI_3010G053600	GO:0005681
SORBI_3010G053600	GO:0017070
SORBI_3010G053600	GO:0030623
SORBI_3010G053600	GO:0071013
SORBI_3010G053600	GO:0005682
SORBI_3010G053600	GO:0017070
SORBI_3010G053600	GO:0030619
SORBI_3010G053600	GO:0030620
SORBI_3010G053600	GO:0030623
SORBI_3010G053600	GO:0097157
SORBI_3010G053600	GO:0000244
SORBI_3010G053600	GO:0005515
SORBI_3010G054600	GO:0005524
SORBI_3010G054600	GO:0006260
SORBI_3010G054600	GO:0004748
SORBI_3010G054600	GO:0055114
SORBI_3010G054600	GO:0000166
SORBI_3010G054600	GO:0016491
SORBI_3010G054600	GO:0004748
SORBI_3010G054600	GO:0009263
SORBI_3010G054600	GO:0005971
SORBI_3010G057000	GO:0005509
SORBI_3010G057000	GO:0005509
SORBI_3010G057100	GO:0003735
SORBI_3010G057100	GO:0005840
SORBI_3010G057100	GO:0006412
SORBI_3010G057100	GO:0003735
SORBI_3010G057100	GO:0022627
SORBI_3010G059200	GO:0030170
SORBI_3010G059200	GO:0071266
SORBI_3010G059200	GO:0004121
SORBI_3010G059200	GO:0003824
SORBI_3010G059200	GO:0009570
SORBI_3010G059200	GO:0019346
SORBI_3010G059200	GO:0005737
SORBI_3010G059200	GO:0030170
SORBI_3010G059200	GO:0004123
SORBI_3010G059200	GO:0016846
SORBI_3010G059200	GO:0019343
SORBI_3010G059200	GO:0019346
SORBI_3010G059300	GO:0008121
SORBI_3010G059300	GO:0005743
SORBI_3010G059300	GO:0070469
SORBI_3010G059300	GO:0022900
SORBI_3010G059400	GO:0006486
SORBI_3010G059400	GO:0016757
SORBI_3010G060400	GO:0016491
SORBI_3010G060400	GO:0046872
SORBI_3010G060400	GO:0055114
SORBI_3010G060400	GO:0051213
SORBI_3010G060500	GO:0003735
SORBI_3010G060500	GO:0005840
SORBI_3010G060500	GO:0006412
SORBI_3010G061400	GO:0005524
SORBI_3010G061400	GO:0004672
SORBI_3010G061400	GO:0006468
SORBI_3010G061500	GO:0005515
SORBI_3010G062500	GO:0046872
SORBI_3010G062500	GO:0004722
SORBI_3010G062500	GO:0016787
SORBI_3010G062500	GO:0003824
SORBI_3010G062500	GO:0006470
SORBI_3010G062500	GO:0004721
SORBI_3010G062500	GO:0043169
SORBI_3010G062500	GO:0004722
SORBI_3010G062500	GO:0004724
SORBI_3010G062800	GO:0016021
SORBI_3010G062800	GO:0005215
SORBI_3010G062800	GO:0055085
SORBI_3010G062800	GO:0055062
SORBI_3010G062800	GO:0016020
SORBI_3010G062800	GO:0022857
SORBI_3010G062800	GO:0055062
SORBI_3010G064100	GO:0016579
SORBI_3010G064100	GO:0101005
SORBI_3010G064100	GO:0070646
SORBI_3010G064600	GO:0046872
SORBI_3010G064600	GO:0000145
SORBI_3010G064600	GO:0006887
SORBI_3010G064600	GO:0043130
SORBI_3010G066100	GO:0004871
SORBI_3010G066100	GO:0060918
SORBI_3010G066100	GO:0099402
SORBI_3010G066100	GO:0005515
SORBI_3010G067400	GO:0005524
SORBI_3010G067400	GO:0016021
SORBI_3010G067400	GO:0004674
SORBI_3010G067400	GO:0000166
SORBI_3010G067400	GO:0016301
SORBI_3010G067400	GO:0016310
SORBI_3010G067400	GO:0016020
SORBI_3010G067400	GO:0016740
SORBI_3010G067400	GO:0004672
SORBI_3010G067400	GO:0006468
SORBI_3010G067400	GO:0005515
SORBI_3010G067500	GO:0004185
SORBI_3010G067500	GO:0016787
SORBI_3010G067500	GO:0006508
SORBI_3010G067500	GO:0008233
SORBI_3010G067500	GO:0004180
SORBI_3010G067500	GO:0005773
SORBI_3010G067500	GO:0004185
SORBI_3010G067500	GO:0051603
SORBI_3010G067600	GO:0070652
SORBI_3010G067600	GO:0051225
SORBI_3010G067600	GO:0051225
SORBI_3010G067600	GO:0072686
SORBI_3010G067800	GO:0016021
SORBI_3010G067800	GO:0006810
SORBI_3010G067800	GO:0016020
SORBI_3010G067900	GO:0046872
SORBI_3010G067900	GO:0005634
SORBI_3010G067900	GO:0003677
SORBI_3010G067900	GO:0005524
SORBI_3010G067900	GO:0003682
SORBI_3010G067900	GO:0000166
SORBI_3010G067900	GO:0006260
SORBI_3010G067900	GO:0003688
SORBI_3010G067900	GO:0000278
SORBI_3010G067900	GO:0000784
SORBI_3010G067900	GO:0006270
SORBI_3010G067900	GO:0033314
SORBI_3010G067900	GO:0005664
SORBI_3010G068500	GO:0005887
SORBI_3010G068500	GO:0005249
SORBI_3010G068500	GO:0042391
SORBI_3010G068500	GO:0016020
SORBI_3010G068500	GO:0016021
SORBI_3010G068500	GO:0055085
SORBI_3010G068500	GO:0006811
SORBI_3010G068500	GO:0005216
SORBI_3010G068500	GO:0005249
SORBI_3010G068500	GO:0006813
SORBI_3010G068500	GO:0034220
SORBI_3010G068500	GO:0071805
SORBI_3010G068600	GO:0016021
SORBI_3010G068600	GO:0004970
SORBI_3010G068600	GO:0016020
SORBI_3010G068600	GO:0006811
SORBI_3010G068600	GO:0034220
SORBI_3010G068600	GO:0015276
SORBI_3010G068600	GO:0005886
SORBI_3010G068600	GO:0015276
SORBI_3010G068600	GO:0038023
SORBI_3010G068900	GO:0016020
SORBI_3010G068900	GO:0016021
SORBI_3010G068900	GO:0006811
SORBI_3010G068900	GO:0034220
SORBI_3010G068900	GO:0004970
SORBI_3010G068900	GO:0015276
SORBI_3010G068900	GO:0005886
SORBI_3010G068900	GO:0015276
SORBI_3010G068900	GO:0038023
SORBI_3010G069200	GO:0005524
SORBI_3010G069200	GO:0004672
SORBI_3010G069200	GO:0006468
SORBI_3010G069200	GO:0000165
SORBI_3010G069200	GO:0005634
SORBI_3010G069200	GO:0005737
SORBI_3010G069200	GO:0004707
SORBI_3010G069200	GO:0010468
SORBI_3010G069200	GO:0035556
SORBI_3010G069500	GO:0046872
SORBI_3010G069600	GO:0005524
SORBI_3010G069600	GO:0004674
SORBI_3010G069600	GO:0000166
SORBI_3010G069600	GO:0004672
SORBI_3010G069600	GO:0006468
SORBI_3010G069600	GO:0005737
SORBI_3010G069600	GO:0004674
SORBI_3010G069600	GO:0023014
SORBI_3010G069600	GO:0007346
SORBI_3010G069600	GO:0031098
SORBI_3010G069600	GO:0032147
SORBI_3010G069700	GO:0016021
SORBI_3010G069700	GO:0005506
SORBI_3010G069700	GO:0016705
SORBI_3010G069700	GO:0020037
SORBI_3010G069700	GO:0004497
SORBI_3010G069700	GO:0046872
SORBI_3010G069700	GO:0055114
SORBI_3010G069700	GO:0016020
SORBI_3010G069700	GO:0016491
SORBI_3010G069700	GO:0004497
SORBI_3010G070000	GO:0005506
SORBI_3010G070000	GO:0016705
SORBI_3010G070000	GO:0020037
SORBI_3010G070000	GO:0004497
SORBI_3010G070000	GO:0046872
SORBI_3010G070000	GO:0055114
SORBI_3010G070000	GO:0016491
SORBI_3010G070000	GO:0004497
SORBI_3010G070100	GO:0005524
SORBI_3010G070100	GO:0004672
SORBI_3010G070100	GO:0006950
SORBI_3010G070100	GO:0006468
SORBI_3010G070100	GO:0003676
SORBI_3010G070200	GO:0008152
SORBI_3010G070200	GO:0080043
SORBI_3010G070200	GO:0043231
SORBI_3010G070200	GO:0080044
SORBI_3010G070200	GO:0016740
SORBI_3010G070200	GO:0016757
SORBI_3010G070200	GO:0016758
SORBI_3010G070200	GO:0008194
SORBI_3010G070200	GO:0008194
SORBI_3010G071000	GO:0016021
SORBI_3010G071000	GO:0043161
SORBI_3010G071000	GO:0061630
SORBI_3010G071000	GO:0016020
SORBI_3010G071100	GO:0008253
SORBI_3010G071100	GO:0009264
SORBI_3010G071100	GO:0016311
SORBI_3010G071300	GO:0030599
SORBI_3010G071300	GO:0071944
SORBI_3010G071300	GO:0046910
SORBI_3010G071300	GO:0042545
SORBI_3010G071300	GO:0045490
SORBI_3010G071300	GO:0045330
SORBI_3010G071300	GO:0005618
SORBI_3010G071300	GO:0009617
SORBI_3010G071300	GO:0016787
SORBI_3010G071300	GO:0004857
SORBI_3010G071300	GO:0043086
SORBI_3010G071300	GO:0030599
SORBI_3010G071900	GO:0016491
SORBI_3010G071900	GO:0046872
SORBI_3010G071900	GO:0055114
SORBI_3010G071900	GO:0008270
SORBI_3010G071900	GO:0016616
SORBI_3010G072000	GO:0008270
SORBI_3010G072000	GO:0016491
SORBI_3010G072000	GO:0046872
SORBI_3010G072000	GO:0055114
SORBI_3010G072000	GO:0016616
SORBI_3010G072100	GO:0008270
SORBI_3010G072100	GO:0016491
SORBI_3010G072100	GO:0046872
SORBI_3010G072100	GO:0055114
SORBI_3010G072100	GO:0016616
SORBI_3010G072600	GO:0009733
SORBI_3010G072700	GO:0005829
SORBI_3010G073600	GO:0005634
SORBI_3010G073600	GO:0003677
SORBI_3010G073600	GO:0006351
SORBI_3010G073600	GO:0006355
SORBI_3010G073600	GO:0009734
SORBI_3010G073600	GO:0009725
SORBI_3010G073600	GO:0005515
SORBI_3010G073700	GO:0005524
SORBI_3010G073700	GO:0005737
SORBI_3010G073700	GO:0006457
SORBI_3010G073700	GO:0046914
SORBI_3010G073700	GO:1901671
SORBI_3010G073700	GO:0009507
SORBI_3010G073700	GO:0046872
SORBI_3010G073700	GO:0051082
SORBI_3010G073700	GO:0051087
SORBI_3010G073700	GO:0051085
SORBI_3010G073700	GO:0005759
SORBI_3010G073700	GO:0009536
SORBI_3010G075200	GO:0016021
SORBI_3010G075200	GO:0016020
SORBI_3010G075500	GO:0016020
SORBI_3010G075500	GO:0016021
SORBI_3010G075600	GO:0016020
SORBI_3010G075600	GO:0016021
SORBI_3010G076200	GO:0009570
SORBI_3010G076200	GO:0016021
SORBI_3010G076200	GO:0006631
SORBI_3010G076200	GO:0005504
SORBI_3010G076200	GO:0016020
SORBI_3010G076400	GO:0003735
SORBI_3010G076400	GO:0006412
SORBI_3010G076400	GO:0022627
SORBI_3010G076400	GO:0000028
SORBI_3010G076400	GO:0005840
SORBI_3010G076500	GO:0016021
SORBI_3010G076500	GO:0016020
SORBI_3010G076600	GO:0005524
SORBI_3010G076600	GO:0006468
SORBI_3010G076600	GO:0005886
SORBI_3010G076600	GO:0007166
SORBI_3010G076600	GO:0004675
SORBI_3010G076600	GO:0004672
SORBI_3010G076600	GO:0006468
SORBI_3010G076700	GO:0045430
SORBI_3010G076700	GO:0009813
SORBI_3010G076700	GO:0016872
SORBI_3010G076700	GO:0005504
SORBI_3010G076700	GO:0009570
SORBI_3010G079900	GO:0005634
SORBI_3010G079900	GO:0003677
SORBI_3010G079900	GO:0006355
SORBI_3010G079900	GO:0000786
SORBI_3010G079900	GO:0006334
SORBI_3010G079900	GO:0000785
SORBI_3010G079900	GO:0005634
SORBI_3010G079900	GO:0005730
SORBI_3010G079900	GO:0006355
SORBI_3010G079900	GO:0003690
SORBI_3010G079900	GO:0045910
SORBI_3010G079900	GO:0016584
SORBI_3010G079900	GO:0031936
SORBI_3010G079900	GO:0031492
SORBI_3010G079900	GO:0030261
SORBI_3010G079900	GO:0042025
SORBI_3010G080900	GO:0016021
SORBI_3010G080900	GO:0009651
SORBI_3010G080900	GO:0005743
SORBI_3010G080900	GO:0006839
SORBI_3010G080900	GO:0015114
SORBI_3010G080900	GO:0016020
SORBI_3010G080900	GO:0016021
SORBI_3010G080900	GO:0031305
SORBI_3010G080900	GO:0005315
SORBI_3010G080900	GO:0035435
SORBI_3010G081100	GO:0016787
SORBI_3010G081100	GO:0006629
SORBI_3010G081600	GO:0008152
SORBI_3010G081600	GO:0080043
SORBI_3010G081600	GO:0043231
SORBI_3010G081600	GO:0080044
SORBI_3010G081600	GO:0016740
SORBI_3010G081600	GO:0016757
SORBI_3010G081600	GO:0016758
SORBI_3010G081600	GO:0008194
SORBI_3010G081600	GO:0008194
SORBI_3010G081750	GO:0003676
SORBI_3010G081750	GO:0008270
SORBI_3010G082400	GO:0016740
SORBI_3010G082400	GO:0016020
SORBI_3010G082400	GO:0071555
SORBI_3010G082400	GO:0016757
SORBI_3010G082400	GO:0005794
SORBI_3010G082400	GO:0008107
SORBI_3010G082400	GO:0036065
SORBI_3010G082400	GO:0042546
SORBI_3010G082400	GO:0032580
SORBI_3010G082400	GO:0005794
SORBI_3010G082400	GO:0009969
SORBI_3010G082500	GO:0009941
SORBI_3010G082500	GO:0015031
SORBI_3010G082500	GO:0009507
SORBI_3010G082600	GO:0005509
SORBI_3010G083000	GO:0016021
SORBI_3010G083000	GO:0016020
SORBI_3010G083100	GO:0008152
SORBI_3010G083100	GO:0016787
SORBI_3010G083100	GO:0016787
SORBI_3010G083100	GO:0009056
SORBI_3010G083200	GO:0016787
SORBI_3010G083200	GO:0016787
SORBI_3010G083200	GO:0009056
SORBI_3010G083300	GO:0008152
SORBI_3010G083300	GO:0016787
SORBI_3010G083300	GO:0016787
SORBI_3010G083300	GO:0009056
SORBI_3010G083700	GO:0003725
SORBI_3010G083700	GO:0008270
SORBI_3010G083700	GO:0009845
SORBI_3010G083700	GO:0008380
SORBI_3010G083700	GO:0003690
SORBI_3010G083700	GO:0080188
SORBI_3010G083700	GO:0015030
SORBI_3010G083700	GO:0046872
SORBI_3010G083700	GO:0005634
SORBI_3010G083700	GO:0003676
SORBI_3010G083700	GO:0000398
SORBI_3010G083700	GO:0003723
SORBI_3010G083700	GO:0071011
SORBI_3010G083700	GO:0008380
SORBI_3010G084300	GO:0005622
SORBI_3010G084300	GO:0016491
SORBI_3010G084300	GO:0010181
SORBI_3010G084300	GO:0055114
SORBI_3010G084300	GO:0055114
SORBI_3010G084300	GO:0003824
SORBI_3010G084300	GO:0016491
SORBI_3010G084400	GO:0005622
SORBI_3010G084400	GO:0016491
SORBI_3010G084400	GO:0010181
SORBI_3010G084400	GO:0055114
SORBI_3010G084400	GO:0055114
SORBI_3010G084400	GO:0003824
SORBI_3010G084400	GO:0016491
SORBI_3010G085200	GO:0006357
SORBI_3010G085200	GO:0051123
SORBI_3010G085200	GO:0016592
SORBI_3010G085200	GO:0070847
SORBI_3010G085200	GO:0001128
SORBI_3010G085200	GO:0006357
SORBI_3010G085200	GO:0016592
SORBI_3010G085200	GO:0003712
SORBI_3010G085400	GO:0005634
SORBI_3010G085400	GO:0006351
SORBI_3010G085400	GO:0003700
SORBI_3010G085400	GO:0045944
SORBI_3010G085400	GO:0046983
SORBI_3010G085400	GO:0000977
SORBI_3010G085400	GO:0003677
SORBI_3010G085400	GO:0006355
SORBI_3010G085400	GO:0000976
SORBI_3010G085400	GO:0000977
SORBI_3010G085400	GO:0000981
SORBI_3010G085400	GO:0008134
SORBI_3010G085400	GO:0043565
SORBI_3010G085400	GO:0005634
SORBI_3010G085600	GO:0006457
SORBI_3010G085600	GO:0003755
SORBI_3010G085600	GO:0003755
SORBI_3010G085600	GO:0000413
SORBI_3010G085600	GO:0005737
SORBI_3010G085600	GO:0006457
SORBI_3010G085600	GO:0000413
SORBI_3010G085600	GO:0016018
SORBI_3010G085600	GO:0005515
SORBI_3010G085700	GO:0005634
SORBI_3010G085700	GO:0003677
SORBI_3010G085800	GO:0009055
SORBI_3010G085800	GO:0022900
SORBI_3010G087300	GO:0016020
SORBI_3010G087300	GO:0016021
SORBI_3010G087400	GO:0005737
SORBI_3010G087400	GO:0016740
SORBI_3010G087400	GO:0016757
SORBI_3010G087400	GO:0005975
SORBI_3010G087400	GO:0006004
SORBI_3010G088000	GO:0003723
SORBI_3010G088000	GO:0003676
SORBI_3010G088100	GO:0005622
SORBI_3010G088100	GO:0005525
SORBI_3010G088100	GO:0007264
SORBI_3010G088100	GO:0000166
SORBI_3010G088100	GO:0005737
SORBI_3010G088100	GO:0006886
SORBI_3010G088100	GO:0005525
SORBI_3010G088100	GO:0016192
SORBI_3010G088200	GO:0043231
SORBI_3010G088200	GO:0009451
SORBI_3010G088200	GO:0005515
SORBI_3010G088300	GO:0005634
SORBI_3010G088300	GO:0005737
SORBI_3010G088300	GO:0003755
SORBI_3010G088300	GO:0000159
SORBI_3010G088300	GO:0008160
SORBI_3010G088300	GO:0030472
SORBI_3010G088300	GO:0016853
SORBI_3010G088300	GO:0005737
SORBI_3010G088300	GO:0003755
SORBI_3010G088300	GO:0000413
SORBI_3010G088300	GO:0043085
SORBI_3010G088300	GO:0019211
SORBI_3010G088300	GO:0043666
SORBI_3010G088300	GO:0007052
SORBI_3010G088600	GO:0046540
SORBI_3010G088600	GO:0005681
SORBI_3010G088600	GO:0005682
SORBI_3010G088600	GO:0000245
SORBI_3010G088600	GO:0005634
SORBI_3010G088600	GO:0000398
SORBI_3010G088600	GO:0006397
SORBI_3010G088600	GO:0008380
SORBI_3010G088600	GO:0046540
SORBI_3010G088600	GO:0005682
SORBI_3010G090500	GO:0005634
SORBI_3010G090500	GO:0003677
SORBI_3010G090500	GO:0006351
SORBI_3010G090500	GO:0006355
SORBI_3010G090500	GO:0008017
SORBI_3010G090500	GO:0030244
SORBI_3010G090500	GO:0010215
SORBI_3010G090500	GO:0005794
SORBI_3010G090500	GO:0043622
SORBI_3010G090500	GO:0072699
SORBI_3010G090500	GO:0070507
SORBI_3010G090500	GO:0051592
SORBI_3010G090500	GO:0051211
SORBI_3010G090500	GO:0048467
SORBI_3010G090500	GO:0036449
SORBI_3010G090500	GO:0010330
SORBI_3010G090500	GO:0009833
SORBI_3010G090500	GO:0009901
SORBI_3010G090500	GO:0010208
SORBI_3010G090500	GO:2000067
SORBI_3010G090500	GO:0055028
SORBI_3010G090500	GO:0009898
SORBI_3010G090500	GO:0048868
SORBI_3010G090500	GO:0009414
SORBI_3010G090500	GO:0009506
SORBI_3010G090500	GO:0005515
SORBI_3010G090600	GO:0005515
SORBI_3010G091200	GO:0006355
SORBI_3010G091200	GO:0003690
SORBI_3010G091200	GO:0009658
SORBI_3010G091200	GO:0009507
SORBI_3010G091200	GO:0032502
SORBI_3010G091300	GO:0016020
SORBI_3010G091300	GO:0016021
SORBI_3010G091300	GO:0008289
SORBI_3010G091300	GO:0006869
SORBI_3010G091700	GO:0005634
SORBI_3010G091700	GO:0005737
SORBI_3010G091700	GO:0009741
SORBI_3010G091700	GO:0046983
SORBI_3010G092600	GO:0005887
SORBI_3010G092600	GO:0034220
SORBI_3010G092600	GO:0015250
SORBI_3010G092600	GO:0016020
SORBI_3010G092600	GO:0016021
SORBI_3010G092600	GO:0055085
SORBI_3010G092600	GO:0015267
SORBI_3010G093001	GO:0005524
SORBI_3010G093001	GO:0003779
SORBI_3010G093001	GO:0003774
SORBI_3010G093001	GO:0016459
SORBI_3010G095700	GO:0031624
SORBI_3010G095700	GO:0045116
SORBI_3010G095700	GO:0000151
SORBI_3010G095700	GO:0097602
SORBI_3010G095700	GO:0032182
SORBI_3010G095700	GO:0051443
SORBI_3010G095700	GO:0005515
SORBI_3010G096500	GO:0016020
SORBI_3010G096500	GO:0016021
SORBI_3010G096500	GO:0005794
SORBI_3010G096500	GO:0016413
SORBI_3010G098700	GO:0003824
SORBI_3010G098700	GO:0006284
SORBI_3010G098700	GO:0006281
SORBI_3010G098800	GO:0016021
SORBI_3010G098800	GO:0008137
SORBI_3010G098800	GO:0055114
SORBI_3010G098800	GO:0016020
SORBI_3010G098800	GO:0005739
SORBI_3010G098800	GO:0070469
SORBI_3010G098800	GO:0031966
SORBI_3010G098800	GO:0008137
SORBI_3010G098800	GO:0005747
SORBI_3010G099700	GO:0016021
SORBI_3010G099700	GO:0005215
SORBI_3010G099700	GO:0016020
SORBI_3010G099700	GO:0022857
SORBI_3010G099700	GO:0055085
SORBI_3010G099700	GO:1902600
SORBI_3010G099700	GO:0015333
SORBI_3010G099700	GO:0035673
SORBI_3010G099700	GO:1904680
SORBI_3010G099700	GO:0035672
SORBI_3010G099700	GO:0042886
SORBI_3010G099700	GO:0016021
SORBI_3010G100150	GO:0003676
SORBI_3010G100150	GO:0008270
SORBI_3010G100300	GO:0008168
SORBI_3010G100300	GO:0008757
SORBI_3010G100300	GO:0032259
SORBI_3010G100700	GO:0008017
SORBI_3010G100700	GO:0005874
SORBI_3010G100700	GO:0008017
SORBI_3010G100800	GO:0046872
SORBI_3010G100800	GO:0030246
SORBI_3010G100800	GO:0005768
SORBI_3010G100800	GO:0005802
SORBI_3010G100800	GO:0000139
SORBI_3010G100800	GO:0006487
SORBI_3010G100800	GO:0006013
SORBI_3010G100800	GO:0004559
SORBI_3010G100800	GO:0006517
SORBI_3010G100800	GO:0042538
SORBI_3010G100800	GO:0006491
SORBI_3010G100800	GO:0016787
SORBI_3010G100800	GO:0003824
SORBI_3010G100800	GO:0005975
SORBI_3010G100800	GO:0016798
SORBI_3010G100800	GO:0008152
SORBI_3010G100800	GO:0004559
SORBI_3010G100800	GO:0006013
SORBI_3010G101300	GO:0043231
SORBI_3010G101300	GO:0006086
SORBI_3010G101300	GO:0004739
SORBI_3010G101300	GO:0016491
SORBI_3010G101300	GO:0055114
SORBI_3010G101300	GO:0016624
SORBI_3010G101300	GO:0004739
SORBI_3010G101300	GO:0006086
SORBI_3010G101300	GO:0005967
SORBI_3010G101500	GO:0005829
SORBI_3010G101500	GO:0042787
SORBI_3010G101500	GO:0070449
SORBI_3010G101500	GO:0032968
SORBI_3010G101500	GO:0006511
SORBI_3010G101500	GO:0006511
SORBI_3010G101600	GO:0005524
SORBI_3010G101600	GO:0005737
SORBI_3010G101600	GO:0046872
SORBI_3010G101600	GO:0006002
SORBI_3010G101600	GO:0003872
SORBI_3010G101600	GO:0047334
SORBI_3010G101600	GO:0016301
SORBI_3010G101600	GO:0016310
SORBI_3010G101600	GO:0016740
SORBI_3010G101600	GO:0008152
SORBI_3010G101600	GO:0003824
SORBI_3010G101600	GO:0006096
SORBI_3010G101600	GO:0046835
SORBI_3010G101600	GO:0061615
SORBI_3010G101600	GO:0005829
SORBI_3010G101600	GO:0008443
SORBI_3010G101600	GO:0047334
SORBI_3010G101600	GO:0009749
SORBI_3010G101600	GO:0015979
SORBI_3010G102600	GO:0005515
SORBI_3010G102700	GO:0016787
SORBI_3010G102700	GO:0009056
SORBI_3010G102700	GO:0016787
SORBI_3010G102800	GO:0016021
SORBI_3010G102800	GO:0005249
SORBI_3010G102800	GO:0016020
SORBI_3010G102800	GO:0055085
SORBI_3010G102800	GO:0006811
SORBI_3010G102800	GO:0005216
SORBI_3010G102800	GO:0005244
SORBI_3010G102800	GO:0005267
SORBI_3010G102800	GO:0006813
SORBI_3010G102800	GO:0034765
SORBI_3010G102800	GO:0071805
SORBI_3010G102800	GO:0005515
SORBI_3010G102900	GO:0007165
SORBI_3010G102900	GO:0005634
SORBI_3010G102900	GO:0045892
SORBI_3010G103300	GO:0005886
SORBI_3010G103300	GO:0006955
SORBI_3010G103300	GO:0009626
SORBI_3010G103400	GO:0005515
SORBI_3010G103900	GO:0003735
SORBI_3010G103900	GO:0005762
SORBI_3010G103900	GO:0003735
SORBI_3010G103900	GO:0032543
SORBI_3010G104100	GO:0006355
SORBI_3010G104100	GO:0003700
SORBI_3010G104100	GO:0005634
SORBI_3010G104100	GO:0008270
SORBI_3010G104100	GO:0000977
SORBI_3010G104100	GO:0000981
SORBI_3010G104100	GO:0006357
SORBI_3010G104100	GO:0005634
SORBI_3010G104100	GO:0006355
SORBI_3010G104500	GO:0032196
SORBI_3010G104600	GO:0055114
SORBI_3010G104600	GO:0004497
SORBI_3010G104600	GO:0005509
SORBI_3010G104700	GO:0005509
SORBI_3010G104700	GO:0055114
SORBI_3010G104700	GO:0004497
SORBI_3010G104700	GO:0005509
SORBI_3010G104800	GO:0005509
SORBI_3010G104800	GO:0055114
SORBI_3010G104800	GO:0004497
SORBI_3010G104800	GO:0005509
SORBI_3010G104900	GO:0055114
SORBI_3010G104900	GO:0004497
SORBI_3010G104900	GO:0005509
SORBI_3010G105100	GO:0016491
SORBI_3010G105100	GO:0046872
SORBI_3010G105100	GO:0055114
SORBI_3010G105100	GO:0051213
SORBI_3010G105200	GO:0005524
SORBI_3010G105200	GO:0042393
SORBI_3010G105200	GO:0005634
SORBI_3010G105200	GO:0045944
SORBI_3010G105200	GO:0008094
SORBI_3010G105200	GO:0003677
SORBI_3010G105200	GO:0043044
SORBI_3010G105300	GO:0005634
SORBI_3010G105300	GO:0005737
SORBI_3010G105300	GO:0016818
SORBI_3010G105300	GO:0016787
SORBI_3010G105350	GO:0003676
SORBI_3010G105350	GO:0008270
SORBI_3010G105350	GO:0005737
SORBI_3010G105350	GO:0003729
SORBI_3010G105350	GO:0003727
SORBI_3010G105350	GO:0045182
SORBI_3010G105350	GO:2000767
SORBI_3010G105400	GO:0007076
SORBI_3010G105400	GO:0000796
SORBI_3010G105400	GO:0009506
SORBI_3010G105400	GO:0007076
SORBI_3010G105400	GO:0000793
SORBI_3010G105600	GO:0003723
SORBI_3010G105600	GO:0003676
SORBI_3010G106200	GO:0008312
SORBI_3010G106200	GO:0005047
SORBI_3010G106200	GO:0005785
SORBI_3010G106200	GO:0045900
SORBI_3010G106200	GO:0005786
SORBI_3010G106200	GO:0006616
SORBI_3010G106200	GO:0003723
SORBI_3010G106200	GO:0005737
SORBI_3010G106200	GO:0006614
SORBI_3010G106200	GO:0048500
SORBI_3010G106200	GO:0005786
SORBI_3010G106200	GO:0006614
SORBI_3010G106300	GO:0055114
SORBI_3010G106300	GO:0009263
SORBI_3010G106300	GO:0016491
SORBI_3010G106500	GO:0016788
SORBI_3010G107200	GO:0016021
SORBI_3010G107200	GO:0006633
SORBI_3010G107200	GO:0016747
SORBI_3010G107200	GO:0016020
SORBI_3010G107200	GO:0016740
SORBI_3010G107200	GO:0016746
SORBI_3010G107200	GO:0003824
SORBI_3010G107400	GO:0016021
SORBI_3010G107400	GO:0006633
SORBI_3010G107400	GO:0016747
SORBI_3010G107400	GO:0016020
SORBI_3010G107400	GO:0016740
SORBI_3010G107400	GO:0016746
SORBI_3010G107400	GO:0003824
SORBI_3010G107901	GO:0003676
SORBI_3010G107901	GO:0008270
SORBI_3010G107901	GO:0005681
SORBI_3010G107901	GO:0005634
SORBI_3010G107901	GO:0000278
SORBI_3010G107901	GO:0033260
SORBI_3010G107901	GO:0033314
SORBI_3010G107901	GO:0048478
SORBI_3010G107901	GO:0044773
SORBI_3010G108001	GO:0016020
SORBI_3010G108001	GO:0016021
SORBI_3010G108001	GO:0016740
SORBI_3010G108001	GO:0016746
SORBI_3010G108001	GO:0003824
SORBI_3010G108001	GO:0016747
SORBI_3010G108001	GO:0006633
SORBI_3010G108100	GO:0016021
SORBI_3010G108100	GO:0006633
SORBI_3010G108100	GO:0016747
SORBI_3010G108100	GO:0016020
SORBI_3010G108100	GO:0016740
SORBI_3010G108100	GO:0016746
SORBI_3010G108100	GO:0003824
SORBI_3010G108200	GO:0016021
SORBI_3010G108200	GO:0006633
SORBI_3010G108200	GO:0016747
SORBI_3010G108200	GO:0016020
SORBI_3010G108200	GO:0016740
SORBI_3010G108200	GO:0016746
SORBI_3010G108200	GO:0003824
SORBI_3010G108301	GO:0016020
SORBI_3010G108301	GO:0016021
SORBI_3010G108301	GO:0016740
SORBI_3010G108301	GO:0016746
SORBI_3010G108301	GO:0003824
SORBI_3010G108301	GO:0016747
SORBI_3010G108301	GO:0006633
SORBI_3010G108500	GO:0005634
SORBI_3010G108500	GO:0008270
SORBI_3010G108500	GO:0005634
SORBI_3010G108500	GO:0006355
SORBI_3010G108500	GO:0005515
SORBI_3010G113150	GO:0003676
SORBI_3010G113150	GO:0008270
SORBI_3010G113150	GO:0005737
SORBI_3010G113150	GO:0003729
SORBI_3010G113150	GO:0003727
SORBI_3010G113150	GO:0045182
SORBI_3010G113150	GO:2000767
SORBI_3010G113500	GO:0008234
SORBI_3010G113500	GO:0016787
SORBI_3010G113500	GO:0006508
SORBI_3010G113500	GO:0008233
SORBI_3010G113500	GO:0051603
SORBI_3010G113500	GO:0004197
SORBI_3010G113500	GO:0005615
SORBI_3010G113500	GO:0005764
SORBI_3010G114100	GO:0005730
SORBI_3010G114100	GO:0005654
SORBI_3010G114100	GO:0042273
SORBI_3010G114100	GO:0030690
SORBI_3010G114100	GO:0030691
SORBI_3010G116000	GO:0005634
SORBI_3010G116000	GO:0003676
SORBI_3010G116000	GO:0006355
SORBI_3010G116000	GO:0000976
SORBI_3010G116000	GO:0003700
SORBI_3010G116000	GO:0009736
SORBI_3010G116000	GO:0009740
SORBI_3010G116000	GO:0010026
SORBI_3010G116200	GO:0003700
SORBI_3010G116200	GO:0006355
SORBI_3010G116600	GO:0016020
SORBI_3010G116600	GO:0003729
SORBI_3010G116600	GO:0005515
SORBI_3010G117000	GO:0008152
SORBI_3010G117000	GO:0016758
SORBI_3010G117000	GO:0016740
SORBI_3010G117000	GO:0008194
SORBI_3010G117000	GO:0043231
SORBI_3010G117000	GO:0008194
SORBI_3010G117450	GO:0005515
SORBI_3010G119000	GO:0003723
SORBI_3010G119200	GO:0046982
SORBI_3010G119200	GO:0006355
SORBI_3010G119200	GO:0005634
SORBI_3010G119200	GO:0043565
SORBI_3010G119200	GO:0045893
SORBI_3010G119900	GO:0016021
SORBI_3010G119900	GO:0016020
SORBI_3010G119900	GO:0016020
SORBI_3010G120000	GO:0016021
SORBI_3010G120000	GO:0016020
SORBI_3010G120000	GO:0016020
SORBI_3010G120100	GO:0005576
SORBI_3010G120100	GO:0019953
SORBI_3010G120300	GO:0003824
SORBI_3010G120400	GO:0008152
SORBI_3010G120400	GO:0080043
SORBI_3010G120400	GO:0043231
SORBI_3010G120400	GO:0080044
SORBI_3010G120400	GO:0016740
SORBI_3010G120400	GO:0016757
SORBI_3010G120400	GO:0016758
SORBI_3010G120400	GO:0008194
SORBI_3010G120400	GO:0008194
SORBI_3010G120500	GO:0016021
SORBI_3010G120500	GO:0008270
SORBI_3010G120500	GO:0016020
SORBI_3010G121700	GO:0009055
SORBI_3010G121700	GO:0046658
SORBI_3010G121700	GO:0022900
SORBI_3010G121800	GO:0005576
SORBI_3010G121800	GO:0019953
SORBI_3010G122200	GO:0016021
SORBI_3010G122200	GO:0007165
SORBI_3010G122200	GO:0016020
SORBI_3010G122200	GO:0016020
SORBI_3010G122400	GO:0016021
SORBI_3010G122400	GO:0007165
SORBI_3010G122400	GO:0016020
SORBI_3010G122400	GO:0016020
SORBI_3010G123300	GO:0016021
SORBI_3010G123300	GO:0016020
SORBI_3010G124166	GO:0016020
SORBI_3010G124166	GO:0016021
SORBI_3010G124400	GO:0006355
SORBI_3010G124400	GO:0046872
SORBI_3010G124400	GO:0005634
SORBI_3010G124400	GO:0008270
SORBI_3010G124600	GO:0016021
SORBI_3010G124600	GO:0016491
SORBI_3010G124600	GO:0016020
SORBI_3010G124600	GO:0055114
SORBI_3010G124600	GO:0005783
SORBI_3010G124600	GO:0045703
SORBI_3010G125500	GO:0016021
SORBI_3010G125500	GO:0030968
SORBI_3010G125500	GO:0042787
SORBI_3010G125500	GO:0000209
SORBI_3010G125500	GO:0051082
SORBI_3010G125500	GO:1904264
SORBI_3010G125500	GO:0036513
SORBI_3010G125500	GO:0030433
SORBI_3010G125500	GO:0044322
SORBI_3010G125500	GO:1990381
SORBI_3010G125500	GO:0000836
SORBI_3010G125500	GO:0016020
SORBI_3010G125500	GO:0016567
SORBI_3010G125500	GO:0061630
SORBI_3010G125500	GO:0006511
SORBI_3010G126500	GO:0006508
SORBI_3010G126500	GO:0004190
SORBI_3010G126500	GO:0006508
SORBI_3010G126500	GO:0004190
SORBI_3010G126500	GO:0030163
SORBI_3010G127600	GO:0004190
SORBI_3010G127600	GO:0006508
SORBI_3010G127600	GO:0006508
SORBI_3010G127600	GO:0004190
SORBI_3010G127600	GO:0030163
SORBI_3010G128200	GO:0016020
SORBI_3010G128200	GO:0016021
SORBI_3010G128400	GO:0020037
SORBI_3010G128400	GO:0005576
SORBI_3010G128400	GO:0046872
SORBI_3010G128400	GO:0042744
SORBI_3010G128400	GO:0009664
SORBI_3010G128400	GO:0004601
SORBI_3010G128400	GO:0009505
SORBI_3010G128400	GO:0006979
SORBI_3010G128400	GO:0009506
SORBI_3010G128400	GO:0055114
SORBI_3010G128400	GO:0004601
SORBI_3010G128400	GO:0098869
SORBI_3010G128400	GO:0016491
SORBI_3010G128700	GO:0020037
SORBI_3010G128700	GO:0005576
SORBI_3010G128700	GO:0046872
SORBI_3010G128700	GO:0042744
SORBI_3010G128700	GO:0009664
SORBI_3010G128700	GO:0004601
SORBI_3010G128700	GO:0009505
SORBI_3010G128700	GO:0006979
SORBI_3010G128700	GO:0009506
SORBI_3010G128700	GO:0055114
SORBI_3010G128700	GO:0004601
SORBI_3010G128700	GO:0098869
SORBI_3010G128700	GO:0016491
SORBI_3010G129100	GO:0004190
SORBI_3010G129100	GO:0006508
SORBI_3010G129100	GO:0030163
SORBI_3010G129100	GO:0006508
SORBI_3010G129100	GO:0004190
SORBI_3010G130700	GO:0016020
SORBI_3010G130700	GO:0016021
SORBI_3010G130700	GO:0005515
SORBI_3010G131101	GO:0016020
SORBI_3010G131101	GO:0016021
SORBI_3010G132600	GO:0009534
SORBI_3010G132600	GO:0009414
SORBI_3010G132600	GO:0009570
SORBI_3010G133100	GO:0016021
SORBI_3010G133100	GO:0005215
SORBI_3010G133100	GO:0016020
SORBI_3010G133100	GO:0022857
SORBI_3010G133100	GO:0055085
SORBI_3010G133100	GO:0016021
SORBI_3010G133300	GO:0022891
SORBI_3010G133300	GO:0005887
SORBI_3010G133300	GO:0016020
SORBI_3010G133300	GO:0016021
SORBI_3010G133300	GO:0022857
SORBI_3010G133300	GO:0055085
SORBI_3010G133700	GO:0016020
SORBI_3010G133700	GO:0016021
SORBI_3010G133932	GO:0016020
SORBI_3010G133932	GO:0016021
SORBI_3010G134400	GO:0016021
SORBI_3010G134400	GO:0016747
SORBI_3010G134400	GO:0016020
SORBI_3010G134400	GO:0016740
SORBI_3010G134400	GO:0005789
SORBI_3010G134400	GO:0005783
SORBI_3010G134400	GO:0008374
SORBI_3010G134400	GO:0006629
SORBI_3010G134900	GO:0005634
SORBI_3010G134900	GO:0003677
SORBI_3010G134900	GO:0003700
SORBI_3010G134900	GO:0003680
SORBI_3010G134900	GO:0006355
SORBI_3010G134900	GO:0006351
SORBI_3010G134900	GO:0005634
SORBI_3010G134900	GO:0003700
SORBI_3010G134900	GO:0010228
SORBI_3010G134900	GO:0003680
SORBI_3010G136200	GO:0016021
SORBI_3010G136200	GO:0016020
SORBI_3010G136450	GO:0003676
SORBI_3010G136450	GO:0008270
SORBI_3010G137333	GO:0003676
SORBI_3010G137333	GO:0008270
SORBI_3010G137333	GO:0005737
SORBI_3010G137333	GO:0003729
SORBI_3010G137333	GO:0003727
SORBI_3010G137333	GO:0045182
SORBI_3010G137333	GO:2000767
SORBI_3010G137500	GO:0043531
SORBI_3010G139600	GO:0005524
SORBI_3010G139600	GO:0004672
SORBI_3010G139600	GO:0006468
SORBI_3010G139600	GO:0005737
SORBI_3010G139600	GO:0004674
SORBI_3010G139600	GO:0023014
SORBI_3010G139600	GO:0007346
SORBI_3010G139600	GO:0031098
SORBI_3010G139600	GO:0032147
SORBI_3010G140500	GO:0004842
SORBI_3010G140500	GO:0016567
SORBI_3010G140500	GO:0005634
SORBI_3010G140500	GO:0005737
SORBI_3010G141001	GO:0003677
SORBI_3010G141001	GO:0005524
SORBI_3010G141001	GO:0006265
SORBI_3010G141001	GO:0003918
SORBI_3010G141400	GO:0005634
SORBI_3010G141400	GO:0003677
SORBI_3010G141400	GO:0005524
SORBI_3010G141400	GO:0003918
SORBI_3010G141400	GO:0006265
SORBI_3010G141400	GO:0000712
SORBI_3010G141400	GO:0000819
SORBI_3010G141400	GO:0044774
SORBI_3010G141500	GO:0008234
SORBI_3010G141500	GO:0006508
SORBI_3010G142700	GO:0016021
SORBI_3010G142700	GO:0016020
SORBI_3010G143800	GO:0046872
SORBI_3010G146600	GO:0005524
SORBI_3010G146600	GO:0004672
SORBI_3010G146600	GO:0006468
SORBI_3010G146600	GO:0005634
SORBI_3010G146600	GO:0004693
SORBI_3010G146600	GO:0005737
SORBI_3010G146600	GO:0005829
SORBI_3010G146600	GO:0019912
SORBI_3010G146600	GO:1904031
SORBI_3010G146600	GO:0010078
SORBI_3010G146600	GO:0005634
SORBI_3010G146600	GO:0006468
SORBI_3010G146600	GO:0045944
SORBI_3010G146600	GO:0008353
SORBI_3010G146600	GO:0051726
SORBI_3010G146600	GO:0070985
SORBI_3010G147250	GO:0003676
SORBI_3010G147250	GO:0030014
SORBI_3010G147250	GO:0090503
SORBI_3010G147250	GO:0004535
SORBI_3010G147250	GO:0004535
SORBI_3010G147250	GO:0017148
SORBI_3010G147250	GO:0043928
SORBI_3010G147250	GO:0000932
SORBI_3010G147250	GO:0030015
SORBI_3010G147300	GO:0003676
SORBI_3010G147300	GO:0030014
SORBI_3010G147300	GO:0090503
SORBI_3010G147300	GO:0004535
SORBI_3010G147300	GO:0004535
SORBI_3010G147300	GO:0017148
SORBI_3010G147300	GO:0043928
SORBI_3010G147300	GO:0000932
SORBI_3010G147300	GO:0030015
SORBI_3010G147500	GO:0006568
SORBI_3010G147500	GO:0004640
SORBI_3010G147500	GO:0003824
SORBI_3010G147500	GO:0000162
SORBI_3010G147500	GO:0004640
SORBI_3010G147833	GO:0005515
SORBI_3010G147833	GO:0005829
SORBI_3010G149200	GO:0016021
SORBI_3010G149200	GO:0009507
SORBI_3010G149200	GO:0009643
SORBI_3010G149200	GO:0016020
SORBI_3010G149200	GO:0004197
SORBI_3010G149200	GO:0071586
SORBI_3010G149700	GO:0020037
SORBI_3010G149700	GO:0005576
SORBI_3010G149700	GO:0046872
SORBI_3010G149700	GO:0042744
SORBI_3010G149700	GO:0004601
SORBI_3010G149700	GO:0006979
SORBI_3010G149700	GO:0055114
SORBI_3010G149700	GO:0098869
SORBI_3010G149700	GO:0016491
SORBI_3010G150100	GO:0004842
SORBI_3010G150100	GO:0031146
SORBI_3010G150200	GO:0005515
SORBI_3010G151575	GO:0016020
SORBI_3010G151575	GO:0016021
SORBI_3010G151575	GO:0005886
SORBI_3010G151575	GO:0055085
SORBI_3010G151575	GO:0042626
SORBI_3010G153900	GO:0016740
SORBI_3010G153900	GO:0006596
SORBI_3010G153900	GO:0003824
SORBI_3010G153900	GO:0004766
SORBI_3010G153900	GO:0006596
SORBI_3010G153900	GO:0006595
SORBI_3010G155401	GO:0005524
SORBI_3010G155401	GO:0016020
SORBI_3010G155401	GO:0016021
SORBI_3010G155401	GO:0004672
SORBI_3010G155401	GO:0006468
SORBI_3010G155901	GO:0046872
SORBI_3010G155901	GO:0008270
SORBI_3010G156000	GO:0016788
SORBI_3010G156100	GO:0016021
SORBI_3010G156100	GO:0016788
SORBI_3010G156100	GO:0016020
SORBI_3010G156700	GO:0016021
SORBI_3010G156700	GO:0016020
SORBI_3010G156800	GO:0016021
SORBI_3010G156800	GO:0043161
SORBI_3010G156800	GO:0061630
SORBI_3010G156800	GO:0016020
SORBI_3010G157300	GO:0016021
SORBI_3010G157300	GO:0043161
SORBI_3010G157300	GO:0061630
SORBI_3010G157300	GO:0016020
SORBI_3010G157300	GO:0016567
SORBI_3010G157300	GO:0006511
SORBI_3010G157500	GO:0016021
SORBI_3010G157500	GO:0043161
SORBI_3010G157500	GO:0061630
SORBI_3010G157500	GO:0016020
SORBI_3010G157900	GO:0016021
SORBI_3010G157900	GO:0016020
SORBI_3010G158400	GO:0016021
SORBI_3010G158400	GO:0016020
SORBI_3010G158500	GO:0016021
SORBI_3010G158500	GO:0016020
SORBI_3010G158500	GO:0016567
SORBI_3010G158500	GO:0061630
SORBI_3010G158500	GO:0006511
SORBI_3010G159200	GO:0010997
SORBI_3010G159200	GO:0046621
SORBI_3010G159300	GO:0008270
SORBI_3010G159300	GO:0003676
SORBI_3010G159400	GO:0016021
SORBI_3010G159400	GO:0005774
SORBI_3010G159400	GO:0005886
SORBI_3010G159400	GO:0015171
SORBI_3010G159400	GO:0016020
SORBI_3010G159400	GO:0022857
SORBI_3010G159400	GO:0055085
SORBI_3010G159400	GO:0005886
SORBI_3010G159400	GO:0015171
SORBI_3010G159400	GO:0006865
SORBI_3010G159400	GO:0003333
SORBI_3010G160900	GO:0005634
SORBI_3010G160900	GO:0003677
SORBI_3010G160900	GO:0006351
SORBI_3010G160900	GO:0006355
SORBI_3010G161050	GO:0003676
SORBI_3010G161050	GO:0008270
SORBI_3010G161050	GO:0005737
SORBI_3010G161050	GO:0003729
SORBI_3010G161050	GO:0003727
SORBI_3010G161050	GO:0045182
SORBI_3010G161050	GO:2000767
SORBI_3010G161400	GO:0005576
SORBI_3010G161400	GO:0005975
SORBI_3010G161400	GO:0071555
SORBI_3010G161400	GO:0004650
SORBI_3010G161400	GO:0016787
SORBI_3010G161400	GO:0016798
SORBI_3010G161400	GO:0008152
SORBI_3010G161450	GO:0016021
SORBI_3010G161450	GO:0016020
SORBI_3010G161450	GO:0016740
SORBI_3010G161450	GO:0016757
SORBI_3010G161450	GO:0005975
SORBI_3010G161450	GO:0006004
SORBI_3010G161600	GO:0020037
SORBI_3010G161600	GO:0005576
SORBI_3010G161600	GO:0046872
SORBI_3010G161600	GO:0042744
SORBI_3010G161600	GO:0004601
SORBI_3010G161600	GO:0006979
SORBI_3010G161600	GO:0055114
SORBI_3010G161600	GO:0098869
SORBI_3010G161600	GO:0016491
SORBI_3010G162101	GO:0016020
SORBI_3010G162101	GO:0016021
SORBI_3010G162101	GO:0071949
SORBI_3010G162700	GO:0050660
SORBI_3010G162700	GO:0016614
SORBI_3010G162700	GO:0016491
SORBI_3010G162700	GO:0055114
SORBI_3010G162700	GO:0071949
SORBI_3010G163100	GO:0003735
SORBI_3010G163100	GO:0005840
SORBI_3010G163100	GO:0006412
SORBI_3010G163100	GO:0003723
SORBI_3010G163100	GO:0003735
SORBI_3010G163100	GO:0000027
SORBI_3010G163100	GO:0022625
SORBI_3010G163200	GO:0016021
SORBI_3010G163200	GO:0016020
SORBI_3010G163800	GO:0005524
SORBI_3010G163800	GO:0006468
SORBI_3010G163800	GO:0016021
SORBI_3010G163800	GO:0005886
SORBI_3010G163800	GO:0004674
SORBI_3010G163800	GO:0000166
SORBI_3010G163800	GO:0016301
SORBI_3010G163800	GO:0016310
SORBI_3010G163800	GO:0016020
SORBI_3010G163800	GO:0016740
SORBI_3010G163800	GO:0004672
SORBI_3010G163800	GO:0006468
SORBI_3010G163800	GO:0004674
SORBI_3010G164000	GO:0046872
SORBI_3010G164000	GO:0035091
SORBI_3010G164000	GO:1900027
SORBI_3010G164000	GO:0032587
SORBI_3010G164400	GO:0005634
SORBI_3010G164400	GO:0043565
SORBI_3010G164400	GO:0003700
SORBI_3010G164400	GO:0003677
SORBI_3010G164400	GO:0006355
SORBI_3010G164400	GO:0043565
SORBI_3010G164400	GO:0005634
SORBI_3010G164400	GO:0003700
SORBI_3010G164400	GO:0000978
SORBI_3010G164400	GO:0034605
SORBI_3010G164400	GO:0043618
SORBI_3010G164400	GO:0061408
SORBI_3010G164400	GO:0042025
SORBI_3010G164600	GO:0043531
SORBI_3010G164600	GO:0000166
SORBI_3010G164600	GO:0006952
SORBI_3010G165100	GO:0016021
SORBI_3010G165100	GO:0016020
SORBI_3010G167800	GO:0016020
SORBI_3010G167800	GO:0016021
SORBI_3010G167800	GO:0055085
SORBI_3010G167800	GO:0015297
SORBI_3010G167800	GO:0015238
SORBI_3010G167800	GO:0042910
SORBI_3010G167800	GO:0042908
SORBI_3010G167800	GO:0022857
SORBI_3010G167800	GO:0016020
SORBI_3010G168700	GO:0016788
SORBI_3010G169250	GO:0003676
SORBI_3010G169250	GO:0008270
SORBI_3010G170000	GO:0016020
SORBI_3010G170000	GO:0016021
SORBI_3010G170000	GO:0016740
SORBI_3010G170000	GO:0016746
SORBI_3010G170000	GO:0005789
SORBI_3010G170000	GO:0005783
SORBI_3010G170000	GO:0008374
SORBI_3010G170000	GO:0004144
SORBI_3010G170000	GO:0019432
SORBI_3010G170000	GO:0005789
SORBI_3010G170000	GO:0009941
SORBI_3010G170000	GO:0008374
SORBI_3010G170000	GO:0004144
SORBI_3010G170000	GO:0019432
SORBI_3010G170400	GO:0016021
SORBI_3010G170400	GO:0005506
SORBI_3010G170400	GO:0016705
SORBI_3010G170400	GO:0020037
SORBI_3010G170400	GO:0004497
SORBI_3010G170400	GO:0046872
SORBI_3010G170400	GO:0055114
SORBI_3010G170400	GO:0016020
SORBI_3010G170400	GO:0016491
SORBI_3010G170900	GO:0005515
SORBI_3010G172100	GO:0046983
SORBI_3010G172200	GO:0016021
SORBI_3010G172200	GO:0005506
SORBI_3010G172200	GO:0020037
SORBI_3010G172200	GO:0016020
SORBI_3010G172200	GO:0016709
SORBI_3010G172200	GO:0044550
SORBI_3010G172200	GO:0046872
SORBI_3010G172200	GO:0055114
SORBI_3010G172200	GO:0016020
SORBI_3010G172200	GO:0016491
SORBI_3010G172200	GO:0004497
SORBI_3010G172200	GO:0016705
SORBI_3010G173800	GO:0016787
SORBI_3010G173800	GO:0005975
SORBI_3010G173800	GO:0016798
SORBI_3010G173800	GO:0008152
SORBI_3010G173800	GO:0004553
SORBI_3010G173800	GO:0004565
SORBI_3010G173800	GO:0005618
SORBI_3010G173800	GO:0005773
SORBI_3010G173800	GO:0004565
SORBI_3010G174100	GO:0009535
SORBI_3010G174100	GO:0048564
SORBI_3010G174100	GO:0080183
SORBI_3010G174800	GO:0004721
SORBI_3010G174800	GO:0016787
SORBI_3010G174800	GO:0006470
SORBI_3010G175350	GO:0016020
SORBI_3010G175350	GO:0016021
SORBI_3010G175900	GO:0016021
SORBI_3010G175900	GO:0005215
SORBI_3010G175900	GO:0016020
SORBI_3010G175900	GO:0022857
SORBI_3010G175900	GO:0055085
SORBI_3010G175900	GO:1902600
SORBI_3010G175900	GO:0015333
SORBI_3010G175900	GO:0035673
SORBI_3010G175900	GO:1904680
SORBI_3010G175900	GO:0035672
SORBI_3010G175900	GO:0042886
SORBI_3010G175900	GO:0016021
SORBI_3010G177100	GO:0005524
SORBI_3010G177100	GO:0016021
SORBI_3010G177100	GO:0004672
SORBI_3010G177100	GO:0016020
SORBI_3010G177100	GO:0006468
SORBI_3010G177100	GO:0005886
SORBI_3010G177100	GO:0046777
SORBI_3010G177100	GO:0004672
SORBI_3010G177100	GO:0009506
SORBI_3010G177100	GO:0005515
SORBI_3010G177200	GO:0005737
SORBI_3010G177200	GO:0003723
SORBI_3010G177200	GO:0003676
SORBI_3010G177200	GO:0006397
SORBI_3010G177200	GO:0060211
SORBI_3010G177200	GO:0005634
SORBI_3010G177200	GO:0005737
SORBI_3010G177200	GO:0005829
SORBI_3010G177200	GO:0003723
SORBI_3010G177200	GO:1990904
SORBI_3010G177200	GO:0003730
SORBI_3010G177200	GO:0008143
SORBI_3010G177200	GO:0008266
SORBI_3010G177300	GO:0005524
SORBI_3010G177300	GO:0016021
SORBI_3010G177300	GO:0004674
SORBI_3010G177300	GO:0000166
SORBI_3010G177300	GO:0016301
SORBI_3010G177300	GO:0016310
SORBI_3010G177300	GO:0016020
SORBI_3010G177300	GO:0016740
SORBI_3010G177300	GO:0004672
SORBI_3010G177300	GO:0006468
SORBI_3010G177300	GO:0005886
SORBI_3010G177300	GO:0009755
SORBI_3010G177300	GO:0005515
SORBI_3010G177600	GO:0004553
SORBI_3010G177600	GO:0005975
SORBI_3010G177600	GO:0046658
SORBI_3010G177600	GO:0030247
SORBI_3010G177600	GO:0016787
SORBI_3010G177600	GO:0016798
SORBI_3010G177600	GO:0008152
SORBI_3010G177600	GO:0004553
SORBI_3010G178600	GO:0016020
SORBI_3010G178600	GO:0006886
SORBI_3010G178600	GO:0015031
SORBI_3010G178600	GO:0005737
SORBI_3010G178600	GO:0016192
SORBI_3010G178600	GO:0030117
SORBI_3010G178600	GO:0005198
SORBI_3010G178600	GO:0000139
SORBI_3010G178600	GO:0005794
SORBI_3010G178600	GO:0030663
SORBI_3010G178600	GO:0031410
SORBI_3010G178600	GO:0006886
SORBI_3010G178600	GO:0006888
SORBI_3010G178600	GO:0006890
SORBI_3010G178600	GO:0006891
SORBI_3010G178600	GO:0030126
SORBI_3010G178600	GO:0005515
SORBI_3010G179500	GO:0008152
SORBI_3010G179500	GO:0080043
SORBI_3010G179500	GO:0043231
SORBI_3010G179500	GO:0080044
SORBI_3010G179500	GO:0016740
SORBI_3010G179500	GO:0016757
SORBI_3010G179500	GO:0016758
SORBI_3010G179500	GO:0008194
SORBI_3010G179500	GO:0008194
SORBI_3010G180500	GO:0000166
SORBI_3010G180500	GO:0016787
SORBI_3010G180500	GO:0005525
SORBI_3010G180500	GO:0003924
SORBI_3010G180600	GO:0005634
SORBI_3010G180600	GO:0006351
SORBI_3010G180600	GO:0006355
SORBI_3010G180600	GO:0009734
SORBI_3010G180600	GO:0005515
SORBI_3010G181200	GO:0005634
SORBI_3010G181200	GO:0008270
SORBI_3010G181200	GO:0003700
SORBI_3010G181200	GO:0009585
SORBI_3010G181200	GO:0045893
SORBI_3010G181200	GO:0042753
SORBI_3010G181200	GO:0010018
SORBI_3010G181200	GO:0046872
SORBI_3010G181200	GO:0005634
SORBI_3010G181200	GO:0006355
SORBI_3010G181300	GO:0020037
SORBI_3010G181300	GO:0006979
SORBI_3010G181300	GO:0009535
SORBI_3010G181300	GO:0009941
SORBI_3010G182000	GO:0005524
SORBI_3010G182000	GO:0017025
SORBI_3010G182000	GO:0008540
SORBI_3010G182000	GO:0030433
SORBI_3010G182000	GO:0045899
SORBI_3010G182000	GO:0031595
SORBI_3010G182000	GO:0031597
SORBI_3010G182000	GO:0036402
SORBI_3010G182000	GO:0000166
SORBI_3010G182000	GO:0005737
SORBI_3010G182000	GO:0016787
SORBI_3010G182000	GO:0030163
SORBI_3010G182100	GO:0005737
SORBI_3010G182100	GO:0005525
SORBI_3010G182100	GO:0003924
SORBI_3010G182100	GO:0003746
SORBI_3010G182100	GO:0000166
SORBI_3010G182100	GO:0006414
SORBI_3010G182100	GO:0003746
SORBI_3010G182100	GO:0003924
SORBI_3010G182100	GO:0006412
SORBI_3010G182100	GO:0006414
SORBI_3010G182200	GO:0005737
SORBI_3010G182200	GO:0005525
SORBI_3010G182200	GO:0003924
SORBI_3010G182200	GO:0003746
SORBI_3010G182200	GO:0000166
SORBI_3010G182200	GO:0006414
SORBI_3010G182200	GO:0003746
SORBI_3010G182200	GO:0003924
SORBI_3010G182200	GO:0006412
SORBI_3010G182200	GO:0006414
SORBI_3010G182300	GO:0005737
SORBI_3010G182300	GO:0005525
SORBI_3010G182300	GO:0003924
SORBI_3010G182300	GO:0003746
SORBI_3010G182300	GO:0000166
SORBI_3010G182300	GO:0006414
SORBI_3010G182300	GO:0003746
SORBI_3010G182300	GO:0003924
SORBI_3010G182300	GO:0006412
SORBI_3010G182300	GO:0006414
SORBI_3010G184000	GO:0003676
SORBI_3010G184100	GO:0016021
SORBI_3010G184100	GO:0022857
SORBI_3010G184100	GO:0005743
SORBI_3010G184100	GO:0006839
SORBI_3010G184100	GO:0016020
SORBI_3010G184100	GO:0016021
SORBI_3010G184100	GO:0055085
SORBI_3010G184100	GO:0015867
SORBI_3010G184100	GO:0022857
SORBI_3010G184100	GO:0005347
SORBI_3010G184400	GO:0009058
SORBI_3010G184400	GO:0016844
SORBI_3010G184400	GO:0005783
SORBI_3010G184500	GO:0016491
SORBI_3010G184500	GO:0055114
SORBI_3010G184600	GO:0004392
SORBI_3010G184600	GO:0006788
SORBI_3010G184600	GO:0055114
SORBI_3010G184800	GO:0004392
SORBI_3010G184800	GO:0006788
SORBI_3010G184800	GO:0055114
SORBI_3010G184900	GO:0006886
SORBI_3010G184900	GO:0016192
SORBI_3010G184900	GO:0030117
SORBI_3010G184900	GO:0016020
SORBI_3010G184900	GO:0015031
SORBI_3010G184900	GO:0030123
SORBI_3010G184900	GO:0010008
SORBI_3010G184900	GO:0006623
SORBI_3010G184900	GO:0006886
SORBI_3010G184900	GO:0006896
SORBI_3010G184900	GO:0030123
SORBI_3010G186600	GO:0005635
SORBI_3010G186600	GO:0071763
SORBI_3010G186700	GO:0016021
SORBI_3010G186700	GO:0004553
SORBI_3010G186700	GO:0005975
SORBI_3010G186700	GO:0046658
SORBI_3010G186700	GO:0030247
SORBI_3010G186700	GO:0016787
SORBI_3010G186700	GO:0016020
SORBI_3010G186700	GO:0004553
SORBI_3010G187100	GO:0016021
SORBI_3010G187100	GO:0016020
SORBI_3010G187100	GO:0006657
SORBI_3010G187100	GO:0004142
SORBI_3010G187201	GO:0005524
SORBI_3010G187201	GO:0000166
SORBI_3010G187201	GO:0016020
SORBI_3010G187201	GO:0016021
SORBI_3010G187201	GO:0016887
SORBI_3010G187201	GO:0005886
SORBI_3010G187201	GO:0055085
SORBI_3010G187201	GO:0042626
SORBI_3010G189100	GO:0006979
SORBI_3010G189200	GO:0003723
SORBI_3010G189200	GO:0043231
SORBI_3010G189200	GO:0009451
SORBI_3010G189200	GO:0004519
SORBI_3010G189200	GO:0005515
SORBI_3010G189600	GO:0016020
SORBI_3010G189600	GO:0016021
SORBI_3010G189600	GO:0006952
SORBI_3010G189600	GO:0005516
SORBI_3010G189600	GO:0009607
SORBI_3010G189700	GO:0004190
SORBI_3010G189700	GO:0006508
SORBI_3010G189700	GO:0030163
SORBI_3010G189700	GO:0006508
SORBI_3010G189700	GO:0004190
SORBI_3010G190100	GO:0005576
SORBI_3010G190100	GO:0005975
SORBI_3010G190100	GO:0071555
SORBI_3010G190100	GO:0004650
SORBI_3010G190100	GO:0016787
SORBI_3010G190100	GO:0016798
SORBI_3010G190100	GO:0008152
SORBI_3010G190200	GO:0005576
SORBI_3010G190200	GO:0005975
SORBI_3010G190200	GO:0071555
SORBI_3010G190200	GO:0004650
SORBI_3010G190200	GO:0016787
SORBI_3010G190200	GO:0016798
SORBI_3010G190200	GO:0008152
SORBI_3010G190300	GO:0016021
SORBI_3010G190300	GO:0008195
SORBI_3010G190300	GO:0016020
SORBI_3010G190300	GO:0016311
SORBI_3010G190300	GO:0006644
SORBI_3010G190300	GO:0008195
SORBI_3010G191750	GO:0005515
SORBI_3010G192200	GO:0005634
SORBI_3010G192200	GO:0003677
SORBI_3010G192200	GO:0006351
SORBI_3010G192200	GO:0006355
SORBI_3010G192200	GO:0000160
SORBI_3010G192432	GO:0006355
SORBI_3010G192432	GO:0003700
SORBI_3010G192432	GO:0006351
SORBI_3010G192432	GO:0043565
SORBI_3010G192500	GO:0016021
SORBI_3010G192500	GO:0009506
SORBI_3010G192500	GO:0016020
SORBI_3010G193100	GO:0016021
SORBI_3010G193100	GO:0016020
SORBI_3010G193200	GO:0016021
SORBI_3010G193200	GO:0016020
SORBI_3010G194200	GO:0016021
SORBI_3010G194200	GO:0016020
SORBI_3010G195301	GO:0005634
SORBI_3010G195301	GO:0044030
SORBI_3010G195301	GO:0003824
SORBI_3010G195301	GO:0055114
SORBI_3010G195301	GO:0050662
SORBI_3010G195301	GO:0016491
SORBI_3010G195301	GO:0016616
SORBI_3010G195500	GO:0003824
SORBI_3010G195500	GO:0050662
SORBI_3010G195500	GO:0055114
SORBI_3010G195500	GO:0016491
SORBI_3010G195500	GO:0016616
SORBI_3010G195901	GO:0008270
SORBI_3010G195901	GO:0005622
SORBI_3010G196200	GO:0004252
SORBI_3010G196200	GO:0016787
SORBI_3010G196200	GO:0006508
SORBI_3010G196200	GO:0008233
SORBI_3010G196200	GO:0008236
SORBI_3010G196300	GO:0016021
SORBI_3010G196300	GO:0005886
SORBI_3010G196300	GO:0046872
SORBI_3010G196300	GO:0071555
SORBI_3010G196300	GO:0016760
SORBI_3010G196300	GO:0030244
SORBI_3010G196300	GO:0016020
SORBI_3010G196300	GO:0016740
SORBI_3010G196300	GO:0016757
SORBI_3010G196300	GO:0005886
SORBI_3010G196300	GO:0005794
SORBI_3010G196300	GO:0016759
SORBI_3010G196300	GO:0009833
SORBI_3010G196300	GO:0030244
SORBI_3010G196300	GO:0005802
SORBI_3010G197300	GO:0016020
SORBI_3010G197300	GO:0016021
SORBI_3010G197300	GO:0097502
SORBI_3010G197300	GO:0005794
SORBI_3010G197300	GO:0016757
SORBI_3010G197300	GO:0051753
SORBI_3010G197400	GO:0003723
SORBI_3010G197400	GO:0043231
SORBI_3010G197400	GO:0009451
SORBI_3010G197400	GO:0004519
SORBI_3010G197400	GO:0005515
SORBI_3010G197500	GO:0016021
SORBI_3010G197500	GO:0005886
SORBI_3010G197500	GO:0015079
SORBI_3010G197500	GO:0016020
SORBI_3010G197500	GO:0006811
SORBI_3010G197500	GO:0006813
SORBI_3010G197500	GO:0015079
SORBI_3010G197500	GO:0071805
SORBI_3010G197500	GO:0016020
SORBI_3010G197500	GO:0006813
SORBI_3010G197900	GO:0005634
SORBI_3010G197900	GO:0044030
SORBI_3010G197900	GO:0006306
SORBI_3010G197900	GO:0070918
SORBI_3010G197900	GO:0000419
SORBI_3010G197900	GO:0043621
SORBI_3010G198000	GO:0030170
SORBI_3010G198000	GO:0004834
SORBI_3010G198000	GO:0000162
SORBI_3010G198000	GO:0006568
SORBI_3010G198000	GO:0052684
SORBI_3010G198000	GO:0000162
SORBI_3010G202600	GO:0016021
SORBI_3010G202600	GO:0008270
SORBI_3010G202600	GO:0046872
SORBI_3010G202600	GO:0016020
SORBI_3010G202600	GO:0008299
SORBI_3010G202600	GO:1900490
SORBI_3010G202600	GO:0042335
SORBI_3010G202600	GO:0010025
SORBI_3010G202600	GO:0010143
SORBI_3010G202600	GO:0010345
SORBI_3010G202600	GO:0009414
SORBI_3010G202600	GO:0030176
SORBI_3010G202600	GO:0030433
SORBI_3010G203150	GO:0043531
SORBI_3010G204000	GO:0016747
SORBI_3010G204200	GO:0016021
SORBI_3010G204200	GO:0005506
SORBI_3010G204200	GO:0020037
SORBI_3010G204200	GO:0016020
SORBI_3010G204200	GO:0016709
SORBI_3010G204200	GO:0044550
SORBI_3010G204200	GO:0046872
SORBI_3010G204200	GO:0055114
SORBI_3010G204200	GO:0016020
SORBI_3010G204200	GO:0016491
SORBI_3010G204200	GO:0004497
SORBI_3010G204200	GO:0016705
SORBI_3010G204300	GO:0005515
SORBI_3010G204400	GO:0035091
SORBI_3010G205200	GO:0046872
SORBI_3010G205200	GO:0003993
SORBI_3010G205200	GO:0016787
SORBI_3010G205200	GO:0016311
SORBI_3010G205200	GO:0005829
SORBI_3010G205200	GO:0055062
SORBI_3010G205200	GO:0005773
SORBI_3010G205200	GO:0009505
SORBI_3010G205200	GO:0005515
SORBI_3010G206300	GO:0005524
SORBI_3010G206300	GO:0000166
SORBI_3010G206300	GO:0016874
SORBI_3010G206300	GO:0004812
SORBI_3010G206300	GO:0006412
SORBI_3010G206300	GO:0006418
SORBI_3010G206300	GO:0000049
SORBI_3010G206300	GO:0002161
SORBI_3010G206300	GO:0004822
SORBI_3010G206300	GO:0006428
SORBI_3010G206300	GO:0106074
SORBI_3010G206300	GO:0005737
SORBI_3010G206300	GO:0004822
SORBI_3010G206300	GO:0006428
SORBI_3010G207500	GO:0005634
SORBI_3010G207500	GO:0003677
SORBI_3010G207500	GO:0006355
SORBI_3010G207500	GO:0000981
SORBI_3010G207500	GO:0005634
SORBI_3010G207500	GO:0000978
SORBI_3010G207500	GO:0006357
SORBI_3010G208600	GO:0008270
SORBI_3010G208600	GO:0003676
SORBI_3010G208600	GO:0006508
SORBI_3010G208600	GO:0008236
SORBI_3010G208600	GO:0006508
SORBI_3010G208600	GO:0008239
SORBI_3010G208700	GO:0008236
SORBI_3010G208700	GO:0006508
SORBI_3010G208700	GO:0006508
SORBI_3010G208700	GO:0008239
SORBI_3010G208750	GO:0003735
SORBI_3010G208750	GO:0019843
SORBI_3010G208750	GO:0006412
SORBI_3010G208750	GO:0005840
SORBI_3010G208750	GO:0003735
SORBI_3010G208750	GO:0000027
SORBI_3010G209000	GO:0008420
SORBI_3010G209000	GO:0070940
SORBI_3010G209000	GO:0016591
SORBI_3010G209000	GO:0070940
SORBI_3010G209000	GO:0008420
SORBI_3010G209000	GO:0005634
SORBI_3010G209000	GO:0016787
SORBI_3010G209000	GO:0004721
SORBI_3010G209800	GO:0006284
SORBI_3010G209800	GO:0008725
SORBI_3010G209800	GO:0003824
SORBI_3010G209800	GO:0006281
SORBI_3010G209900	GO:0003824
SORBI_3010G210300	GO:0016021
SORBI_3010G210300	GO:0016020
SORBI_3010G210300	GO:0016021
SORBI_3010G210300	GO:0016020
SORBI_3010G210300	GO:0072657
SORBI_3010G210400	GO:0016021
SORBI_3010G210400	GO:0016020
SORBI_3010G210500	GO:0016020
SORBI_3010G210500	GO:0016021
SORBI_3010G210500	GO:0006811
SORBI_3010G210500	GO:1903830
SORBI_3010G210500	GO:0015095
SORBI_3010G210500	GO:0015693
SORBI_3010G210900	GO:0016021
SORBI_3010G210900	GO:0008374
SORBI_3010G210900	GO:0016020
SORBI_3010G211000	GO:0003824
SORBI_3010G211000	GO:0050662
SORBI_3010G211000	GO:0055114
SORBI_3010G211000	GO:0016491
SORBI_3010G211000	GO:0016616
SORBI_3010G211200	GO:0046872
SORBI_3010G211200	GO:0003676
SORBI_3010G211200	GO:0008270
SORBI_3010G211200	GO:0003723
SORBI_3010G211400	GO:0016021
SORBI_3010G211400	GO:0016020
SORBI_3010G211500	GO:0003677
SORBI_3010G211500	GO:0006351
SORBI_3010G211500	GO:0005739
SORBI_3010G211500	GO:0003899
SORBI_3010G211500	GO:0016740
SORBI_3010G211500	GO:0016779
SORBI_3010G211500	GO:0003899
SORBI_3010G211500	GO:0006390
SORBI_3010G211500	GO:0034245
SORBI_3010G211700	GO:0016021
SORBI_3010G211700	GO:0016020
SORBI_3010G211800	GO:0005524
SORBI_3010G211800	GO:0016021
SORBI_3010G211800	GO:0004672
SORBI_3010G211800	GO:0016020
SORBI_3010G211800	GO:0006468
SORBI_3010G211800	GO:0005886
SORBI_3010G211800	GO:0046777
SORBI_3010G211800	GO:0004672
SORBI_3010G211800	GO:0009506
SORBI_3010G212000	GO:0016021
SORBI_3010G212000	GO:0004872
SORBI_3010G212000	GO:0009725
SORBI_3010G212000	GO:0016020
SORBI_3010G212000	GO:0038023
SORBI_3010G212200	GO:0016491
SORBI_3010G212200	GO:0050662
SORBI_3010G212200	GO:0009226
SORBI_3010G212200	GO:0003824
SORBI_3010G212200	GO:0055114
SORBI_3010G212200	GO:0050577
SORBI_3010G212200	GO:0042350
SORBI_3010G212600	GO:0016021
SORBI_3010G212600	GO:0005506
SORBI_3010G212600	GO:0005789
SORBI_3010G212600	GO:0016491
SORBI_3010G212600	GO:0006629
SORBI_3010G212600	GO:0008610
SORBI_3010G212600	GO:0016491
SORBI_3010G212600	GO:0055114
SORBI_3010G212600	GO:0016020
SORBI_3010G212600	GO:0016020
SORBI_3010G212700	GO:0016021
SORBI_3010G212700	GO:0016020
SORBI_3010G212700	GO:0005886
SORBI_3010G212700	GO:0009506
SORBI_3010G213100	GO:0016740
SORBI_3010G213100	GO:0003723
SORBI_3010G213100	GO:0016779
SORBI_3010G213100	GO:0031047
SORBI_3010G213100	GO:0003968
SORBI_3010G213100	GO:0001172
SORBI_3010G213100	GO:0005634
SORBI_3010G213100	GO:0003968
SORBI_3010G213100	GO:0030422
SORBI_3010G213100	GO:0070919
SORBI_3010G213100	GO:0031380
SORBI_3010G213200	GO:0005515
SORBI_3010G214200	GO:0009585
SORBI_3010G214200	GO:0005515
SORBI_3010G214500	GO:0016021
SORBI_3010G214500	GO:0016020
SORBI_3010G214600	GO:0016021
SORBI_3010G214600	GO:0009705
SORBI_3010G214600	GO:0005247
SORBI_3010G214600	GO:1902476
SORBI_3010G214600	GO:0015706
SORBI_3010G214600	GO:0009671
SORBI_3010G214600	GO:0016020
SORBI_3010G214600	GO:0055085
SORBI_3010G214600	GO:0006811
SORBI_3010G214600	GO:1902600
SORBI_3010G214600	GO:0005247
SORBI_3010G214600	GO:0006821
SORBI_3010G214600	GO:1902476
SORBI_3010G214600	GO:0022857
SORBI_3010G214600	GO:0043231
SORBI_3010G214600	GO:0015112
SORBI_3010G214600	GO:0015706
SORBI_3010G214700	GO:0055114
SORBI_3010G214700	GO:0050660
SORBI_3010G214700	GO:0016614
SORBI_3010G215400	GO:0005635
SORBI_3010G215400	GO:0071763
SORBI_3010G215600	GO:0016021
SORBI_3010G215600	GO:0009266
SORBI_3010G215600	GO:0010189
SORBI_3010G215600	GO:0071555
SORBI_3010G215600	GO:0031347
SORBI_3010G215600	GO:0009915
SORBI_3010G215600	GO:0006636
SORBI_3010G215600	GO:0010176
SORBI_3010G215600	GO:0016020
SORBI_3010G215600	GO:0016765
SORBI_3010G216500	GO:0005515
SORBI_3010G218800	GO:0016788
SORBI_3010G219400	GO:0004519
SORBI_3010G219400	GO:0006281
SORBI_3010G219400	GO:0090305
SORBI_3010G219400	GO:0090502
SORBI_3010G219400	GO:0005730
SORBI_3010G219400	GO:0005737
SORBI_3010G219400	GO:0003727
SORBI_3010G219400	GO:0016891
SORBI_3010G219500	GO:0016853
SORBI_3010G219500	GO:0003755
SORBI_3010G219500	GO:0009507
SORBI_3010G219500	GO:0031977
SORBI_3010G219500	GO:0005737
SORBI_3010G219500	GO:0003755
SORBI_3010G219500	GO:0000413
SORBI_3010G219500	GO:0061077
SORBI_3010G222100	GO:0005515
SORBI_3010G222200	GO:0005515
SORBI_3010G222501	GO:0005515
SORBI_3010G222600	GO:0005515
SORBI_3010G222900	GO:0042138
SORBI_3010G223100	GO:0016779
SORBI_3010G223100	GO:0009793
SORBI_3010G224600	GO:0009733
SORBI_3010G224700	GO:0005524
SORBI_3010G224700	GO:0006260
SORBI_3010G224700	GO:0003678
SORBI_3010G224700	GO:0032508
SORBI_3010G224700	GO:0003697
SORBI_3010G224700	GO:0003678
SORBI_3010G224800	GO:0005634
SORBI_3010G224800	GO:0016021
SORBI_3010G224800	GO:0005886
SORBI_3010G224800	GO:0005829
SORBI_3010G224800	GO:0005215
SORBI_3010G224900	GO:0005737
SORBI_3010G224900	GO:0005525
SORBI_3010G224900	GO:0003924
SORBI_3010G224900	GO:0005874
SORBI_3010G224900	GO:0007017
SORBI_3010G224900	GO:0005200
SORBI_3010G224900	GO:0000166
SORBI_3010G224900	GO:0005856
SORBI_3010G224900	GO:0005737
SORBI_3010G224900	GO:0005874
SORBI_3010G224900	GO:0000278
SORBI_3010G224900	GO:0005525
SORBI_3010G224900	GO:0007017
SORBI_3010G224900	GO:0000226
SORBI_3010G224900	GO:0005200
SORBI_3010G226400	GO:0016021
SORBI_3010G226400	GO:0016020
SORBI_3010G226500	GO:0016021
SORBI_3010G226500	GO:0016020
SORBI_3010G226700	GO:0016021
SORBI_3010G226700	GO:0016020
SORBI_3010G228000	GO:0005524
SORBI_3010G228000	GO:0005886
SORBI_3010G228000	GO:0004674
SORBI_3010G228000	GO:0004672
SORBI_3010G228000	GO:0006468
SORBI_3010G228000	GO:0046777
SORBI_3010G228100	GO:0016042
SORBI_3010G228100	GO:0016787
SORBI_3010G228100	GO:0006629
SORBI_3010G229000	GO:0005634
SORBI_3010G229000	GO:0003677
SORBI_3010G229000	GO:0006351
SORBI_3010G229000	GO:0006355
SORBI_3010G229000	GO:0009734
SORBI_3010G229000	GO:0009725
SORBI_3010G229000	GO:0005515
SORBI_3010G229025	GO:0016020
SORBI_3010G229025	GO:0016021
SORBI_3010G229801	GO:0005515
SORBI_3010G231300	GO:0016021
SORBI_3010G231300	GO:0004970
SORBI_3010G231300	GO:0016020
SORBI_3010G231300	GO:0006811
SORBI_3010G231300	GO:0034220
SORBI_3010G231300	GO:0015276
SORBI_3010G231300	GO:0005886
SORBI_3010G231300	GO:0015276
SORBI_3010G231300	GO:0038023
SORBI_3010G231300	GO:0004930
SORBI_3010G231300	GO:0007186
SORBI_3010G231400	GO:0016021
SORBI_3010G231400	GO:0043161
SORBI_3010G231400	GO:0061630
SORBI_3010G231400	GO:0016020
SORBI_3010G231500	GO:0016021
SORBI_3010G231500	GO:0004970
SORBI_3010G231500	GO:0016020
SORBI_3010G231500	GO:0006811
SORBI_3010G231500	GO:0034220
SORBI_3010G231500	GO:0015276
SORBI_3010G231500	GO:0005886
SORBI_3010G231500	GO:0015276
SORBI_3010G231500	GO:0038023
SORBI_3010G231600	GO:0005886
SORBI_3010G231600	GO:0005506
SORBI_3010G231600	GO:0020037
SORBI_3010G231600	GO:0016020
SORBI_3010G231600	GO:0016709
SORBI_3010G231600	GO:0044550
SORBI_3010G231600	GO:0046872
SORBI_3010G231600	GO:0055114
SORBI_3010G231600	GO:0016491
SORBI_3010G231600	GO:0004497
SORBI_3010G231600	GO:0016705
SORBI_3010G232300	GO:0043161
SORBI_3010G232300	GO:0005829
SORBI_3010G232300	GO:0031593
SORBI_3010G232300	GO:0043130
SORBI_3010G232300	GO:0070628
SORBI_3010G232300	GO:0005654
SORBI_3010G232300	GO:0005515
SORBI_3010G234900	GO:0005634
SORBI_3010G234900	GO:0005737
SORBI_3010G234900	GO:0005515
SORBI_3010G235300	GO:0046872
SORBI_3010G235300	GO:0006631
SORBI_3010G235300	GO:0045300
SORBI_3010G235300	GO:0016491
SORBI_3010G235300	GO:0055114
SORBI_3010G235300	GO:0009570
SORBI_3010G235300	GO:0045300
SORBI_3010G235300	GO:0006631
SORBI_3010G235400	GO:0005515
SORBI_3010G235500	GO:0005515
SORBI_3010G235550	GO:0016021
SORBI_3010G235550	GO:0016020
SORBI_3010G236200	GO:0009506
SORBI_3010G236200	GO:0030915
SORBI_3010G236200	GO:0000724
SORBI_3010G236200	GO:0007062
SORBI_3010G236200	GO:0006281
SORBI_3010G238900	GO:0008234
SORBI_3010G238900	GO:0016787
SORBI_3010G238900	GO:0006508
SORBI_3010G238900	GO:0008233
SORBI_3010G238900	GO:0051603
SORBI_3010G238900	GO:0004197
SORBI_3010G238900	GO:0005615
SORBI_3010G238900	GO:0005764
SORBI_3010G239300	GO:0051603
SORBI_3010G239300	GO:0004197
SORBI_3010G239300	GO:0005764
SORBI_3010G239300	GO:0005615
SORBI_3010G239300	GO:0016787
SORBI_3010G239300	GO:0008234
SORBI_3010G239300	GO:0006508
SORBI_3010G239300	GO:0008233
SORBI_3010G240001	GO:0016020
SORBI_3010G240001	GO:0016021
SORBI_3010G241000	GO:0016021
SORBI_3010G241000	GO:0005509
SORBI_3010G241000	GO:0009654
SORBI_3010G241000	GO:0019898
SORBI_3010G241000	GO:0015979
SORBI_3010G241000	GO:0042549
SORBI_3010G241000	GO:0055114
SORBI_3010G241000	GO:0010207
SORBI_3010G241000	GO:0010242
SORBI_3010G241100	GO:0005576
SORBI_3010G241100	GO:0006952
SORBI_3010G241200	GO:0009753
SORBI_3010G241200	GO:0009694
SORBI_3010G241200	GO:0010112
SORBI_3010G241200	GO:1990206
SORBI_3010G241200	GO:0016787
SORBI_3010G241200	GO:0005783
SORBI_3010G241200	GO:0016787
SORBI_3010G241200	GO:0009694
SORBI_3010G241200	GO:0010179
SORBI_3010G241200	GO:0009850
SORBI_3010G242300	GO:0005524
SORBI_3010G242300	GO:0004672
SORBI_3010G242300	GO:0006468
SORBI_3010G242300	GO:0006468
SORBI_3010G242300	GO:0005886
SORBI_3010G242300	GO:0004674
SORBI_3010G242400	GO:0005524
SORBI_3010G242400	GO:0004672
SORBI_3010G242400	GO:0006468
SORBI_3010G242400	GO:0006468
SORBI_3010G242400	GO:0005886
SORBI_3010G242400	GO:0004674
SORBI_3010G242400	GO:0000166
SORBI_3010G242400	GO:0004674
SORBI_3010G246132	GO:0005516
SORBI_3010G246200	GO:0005524
SORBI_3010G246200	GO:0005774
SORBI_3010G246200	GO:0005886
SORBI_3010G246200	GO:0016887
SORBI_3010G246200	GO:0005315
SORBI_3010G246200	GO:0035435
SORBI_3010G246200	GO:0000166
SORBI_3010G246200	GO:0016020
SORBI_3010G246200	GO:0005460
SORBI_3010G246200	GO:0010044
SORBI_3010G246200	GO:0012506
SORBI_3010G246200	GO:0008289
SORBI_3010G246300	GO:0016021
SORBI_3010G246300	GO:0043161
SORBI_3010G246300	GO:0061630
SORBI_3010G246300	GO:0016020
SORBI_3010G247200	GO:0005524
SORBI_3010G247200	GO:0000166
SORBI_3010G247600	GO:0046872
SORBI_3010G247600	GO:0004722
SORBI_3010G247600	GO:0016787
SORBI_3010G247600	GO:0003824
SORBI_3010G247600	GO:0006470
SORBI_3010G247600	GO:0004721
SORBI_3010G247600	GO:0043169
SORBI_3010G247600	GO:0004722
SORBI_3010G247600	GO:0004724
SORBI_3010G247700	GO:0003729
SORBI_3010G247700	GO:0005847
SORBI_3010G247700	GO:0098789
SORBI_3010G247700	GO:0003676
SORBI_3010G247700	GO:0003723
SORBI_3010G251000	GO:0005524
SORBI_3010G251000	GO:0005737
SORBI_3010G251000	GO:0045116
SORBI_3010G251000	GO:0019788
SORBI_3010G251000	GO:0000166
SORBI_3010G251000	GO:0016740
SORBI_3010G251000	GO:0005634
SORBI_3010G251000	GO:0061631
SORBI_3010G251000	GO:0000209
SORBI_3010G252900	GO:0005634
SORBI_3010G252900	GO:0003677
SORBI_3010G252900	GO:0008270
SORBI_3010G252900	GO:0042025
SORBI_3010G253100	GO:0016021
SORBI_3010G253100	GO:0046872
SORBI_3010G253100	GO:0004252
SORBI_3010G253100	GO:0016020
SORBI_3010G253100	GO:0006508
SORBI_3010G253100	GO:0004175
SORBI_3010G253100	GO:0004252
SORBI_3010G253500	GO:0016020
SORBI_3010G253500	GO:0016021
SORBI_3010G253500	GO:0016866
SORBI_3010G253500	GO:0000250
SORBI_3010G253500	GO:0042300
SORBI_3010G253500	GO:0016104
SORBI_3010G253500	GO:0005811
SORBI_3010G253500	GO:0016853
SORBI_3010G253600	GO:0005515
SORBI_3010G254000	GO:0016866
SORBI_3010G254000	GO:0016853
SORBI_3010G254000	GO:0000250
SORBI_3010G254000	GO:0042300
SORBI_3010G254000	GO:0016104
SORBI_3010G254000	GO:0005811
SORBI_3010G254100	GO:0005524
SORBI_3010G254100	GO:0004674
SORBI_3010G254100	GO:0000166
SORBI_3010G254100	GO:0004672
SORBI_3010G254100	GO:0006468
SORBI_3010G254200	GO:0005634
SORBI_3010G254200	GO:0003677
SORBI_3010G254200	GO:0046872
SORBI_3010G254200	GO:0042025
SORBI_3010G259266	GO:0016020
SORBI_3010G259266	GO:0016021
SORBI_3010G259300	GO:0016747
SORBI_3010G259500	GO:0016747
SORBI_3010G261100	GO:0004857
SORBI_3010G261100	GO:0004857
SORBI_3010G261100	GO:0043086
SORBI_3010G261200	GO:0016021
SORBI_3010G261200	GO:0016020
SORBI_3010G261300	GO:0005730
SORBI_3010G261300	GO:0030686
SORBI_3010G261300	GO:0000447
SORBI_3010G262300	GO:0016021
SORBI_3010G262300	GO:0005739
SORBI_3010G262300	GO:0016020
SORBI_3010G262433	GO:0055114
SORBI_3010G262433	GO:0016620
SORBI_3010G262433	GO:0005829
SORBI_3010G262433	GO:0006096
SORBI_3010G262433	GO:0004365
SORBI_3010G262466	GO:0055114
SORBI_3010G262466	GO:0016620
SORBI_3010G262466	GO:0005829
SORBI_3010G262466	GO:0006096
SORBI_3010G262466	GO:0004365
SORBI_3010G267600	GO:0005886
SORBI_3010G270900	GO:0016788
SORBI_3010G271000	GO:0005576
SORBI_3010G271600	GO:0000145
SORBI_3010G271600	GO:0006887
SORBI_3010G271600	GO:0015031
SORBI_3010G271600	GO:0006887
SORBI_3010G271600	GO:0000145
SORBI_3010G271700	GO:0015031
SORBI_3010G271700	GO:0006887
SORBI_3010G271700	GO:0000145
SORBI_3010G271700	GO:0006887
SORBI_3010G271700	GO:0000145
SORBI_3010G271800	GO:0000145
SORBI_3010G271800	GO:0006887
SORBI_3010G271800	GO:0004180
SORBI_3010G271800	GO:0015031
SORBI_3010G271800	GO:0006887
SORBI_3010G271800	GO:0000145
SORBI_3010G273000	GO:0003676
SORBI_3010G273000	GO:0008270
SORBI_3010G273100	GO:0004252
SORBI_3010G273100	GO:0070008
SORBI_3010G273100	GO:0006508
SORBI_3010G273100	GO:0005829
SORBI_3010G273900	GO:0016021
SORBI_3010G273900	GO:0006810
SORBI_3010G273900	GO:0005215
SORBI_3010G273900	GO:0009626
SORBI_3010G273900	GO:0016020
SORBI_3010G273900	GO:0016021
SORBI_3010G274000	GO:0005634
SORBI_3010G274000	GO:0005634
SORBI_3010G274000	GO:0005737
SORBI_3010G274000	GO:0016538
SORBI_3010G274000	GO:0000079
SORBI_3010G274000	GO:0044772
SORBI_3010G274000	GO:0000307
SORBI_3010G274000	GO:0042025
SORBI_3010G274900	GO:0005524
SORBI_3010G274900	GO:0006468
SORBI_3010G274900	GO:0005886
SORBI_3010G274900	GO:0007166
SORBI_3010G274900	GO:0004675
SORBI_3010G274900	GO:0000166
SORBI_3010G274900	GO:0004672
SORBI_3010G274900	GO:0006468
SORBI_3010G274900	GO:0004674
SORBI_3K042000	GO:0016787
SORBI_3K042000	GO:0016020
SORBI_3K042000	GO:0003824
SORBI_3K042000	GO:0016798
SORBI_3K042000	GO:0008152
SORBI_3K042000	GO:0004553
SORBI_3K042000	GO:0004348
SORBI_3K042000	GO:0006629
SORBI_3K042000	GO:0006680
SORBI_3K042000	GO:0008422
SORBI_3K042700	GO:0005634
SORBI_3K042700	GO:0003677
SORBI_3K042700	GO:0006351
SORBI_3K042700	GO:0006355
SORBI_3K042700	GO:0046983
SORBI_3K042700	GO:0000976
SORBI_3K042700	GO:0000977
SORBI_3K042700	GO:0000981
SORBI_3K042700	GO:0008134
SORBI_3K042700	GO:0043565
SORBI_3K042700	GO:0006357
SORBI_3K042700	GO:0005634
SORBI_3K044409	GO:0003676
SORBI_3K044409	GO:0008270
