S10_25666	SORBI_3010G000401	MODIFIER
S10_25667	SORBI_3010G000401	MODIFIER
S10_87250	SORBI_3010G000900	MODIFIER
S10_87250	SORBI_3010G001000	MODIFIER
S10_87551	SORBI_3010G000900	MODIFIER
S10_87551	SORBI_3010G001000	MODIFIER
S10_219568	SORBI_3010G002400	MODIFIER
S10_219568	SORBI_3010G002201	MODIFIER
S10_219568	SORBI_3010G002301	MODIFIER
S10_273743	SORBI_3010G003100	MODIFIER
S10_273743	SORBI_3010G002850	MODIFIER
S10_273746	SORBI_3010G003100	MODIFIER
S10_273746	SORBI_3010G002850	MODIFIER
S10_278804	SORBI_3010G003100	MODIFIER
S10_278804	SORBI_3010G003200	MODIFIER
S10_409818	SORBI_3010G004800	MODIFIER
S10_409818	SORBI_3010G004600	MODIFIER
S10_409818	SORBI_3010G004701	MODIFIER
S10_529631	SORBI_3010G006400	MODIFIER
S10_552291	SORBI_3010G006800	MODIFIER
S10_552291	SORBI_3010G006700	MODIFIER
S10_587954	SORBI_3010G007300	MODIFIER
S10_587954	SORBI_3010G007400	MODIFIER
S10_667697	SORBI_3010G008100	MODIFIER
S10_671816	SORBI_3010G008100	MODIFIER
S10_671816	SORBI_3010G008200	MODIFIER
S10_689036	SORBI_3010G008500	LOW
S10_689036	SORBI_3010G008433	MODIFIER
S10_689036	SORBI_3010G008466	MODIFIER
S10_722855	SORBI_3010G008600	MODIFIER
S10_722861	SORBI_3010G008600	MODIFIER
S10_796168	SORBI_3010G009700	MODIFIER
S10_796168	SORBI_3010G009800	MODIFIER
S10_796168	SORBI_3010G009700	MODIFIER
S10_796168	SORBI_3010G009700	MODIFIER
S10_796169	SORBI_3010G009700	MODIFIER
S10_796169	SORBI_3010G009800	MODIFIER
S10_796169	SORBI_3010G009700	MODIFIER
S10_796169	SORBI_3010G009700	MODIFIER
S10_796171	SORBI_3010G009700	MODIFIER
S10_796171	SORBI_3010G009800	MODIFIER
S10_796171	SORBI_3010G009700	MODIFIER
S10_796171	SORBI_3010G009700	MODIFIER
S10_817211	SORBI_3010G009900	MODIFIER
S10_968320	SORBI_3010G010900	MODIFIER
S10_968320	SORBI_3010G011100	MODIFIER
S10_968320	SORBI_3010G011000	MODIFIER
S10_1049097	SORBI_3010G012100	MODIFIER
S10_1049097	SORBI_3010G011900	MODIFIER
S10_1049097	SORBI_3010G012001	MODIFIER
S10_1049097	SORBI_3010G011900	MODIFIER
S10_1049097	SORBI_3010G012100	MODIFIER
S10_1049097	SORBI_3010G012100	MODIFIER
S10_1076139	SORBI_3010G012800	MODIFIER
S10_1076139	SORBI_3010G012700	MODIFIER
S10_1076141	SORBI_3010G012800	MODIFIER
S10_1076141	SORBI_3010G012700	MODIFIER
S10_1077033	SORBI_3010G012800	MODIFIER
S10_1077033	SORBI_3010G012700	MODIFIER
S10_1077995	SORBI_3010G012800	MODIFIER
S10_1077995	SORBI_3010G012700	MODIFIER
S10_1078470	SORBI_3010G012800	MODIFIER
S10_1078470	SORBI_3010G012700	MODIFIER
S10_1078475	SORBI_3010G012800	MODIFIER
S10_1078475	SORBI_3010G012700	MODIFIER
S10_1078557	SORBI_3010G012800	MODIFIER
S10_1078557	SORBI_3010G012700	MODIFIER
S10_1213194	SORBI_3010G014800	MODIFIER
S10_1213199	SORBI_3010G014800	MODIFIER
S10_1213203	SORBI_3010G014800	MODIFIER
S10_1256668	SORBI_3010G015700	MODIFIER
S10_1256668	SORBI_3010G015800	MODIFIER
S10_1256668	SORBI_3010G015800	MODIFIER
S10_1256675	SORBI_3010G015700	MODIFIER
S10_1256675	SORBI_3010G015800	MODIFIER
S10_1256675	SORBI_3010G015800	MODIFIER
S10_1272764	SORBI_3010G015900	MODIFIER
S10_1272764	SORBI_3010G015900	MODIFIER
S10_1272764	SORBI_3010G016000	MODIFIER
S10_1272766	SORBI_3010G015900	MODIFIER
S10_1272766	SORBI_3010G015900	MODIFIER
S10_1272766	SORBI_3010G016000	MODIFIER
S10_1339203	SORBI_3010G016800	MODIFIER
S10_1339203	SORBI_3010G016850	MODIFIER
S10_1339213	SORBI_3010G016800	MODIFIER
S10_1339213	SORBI_3010G016850	MODIFIER
S10_1339219	SORBI_3010G016800	MODIFIER
S10_1339219	SORBI_3010G016850	MODIFIER
S10_1339227	SORBI_3010G016800	MODIFIER
S10_1339227	SORBI_3010G016850	MODIFIER
S10_1339233	SORBI_3010G016800	MODIFIER
S10_1339233	SORBI_3010G016850	MODIFIER
S10_1443677	SORBI_3010G017700	MODIFIER
S10_1443950	SORBI_3010G017700	MODIFIER
S10_1538205	SORBI_3010G018600	MODIFIER
S10_1538205	SORBI_3010G018500	MODIFIER
S10_1558135	SORBI_3010G018900	MODIFIER
S10_1558135	SORBI_3010G018900	MODIFIER
S10_1560107	SORBI_3010G018900	MODIFIER
S10_1560107	SORBI_3010G018900	MODIFIER
S10_1560121	SORBI_3010G018900	MODIFIER
S10_1560121	SORBI_3010G018900	MODIFIER
S10_1637624	SORBI_3010G020100	MODIFIER
S10_1637624	SORBI_3010G020200	MODIFIER
S10_1637624	SORBI_3010G020300	MODIFIER
S10_1722037	SORBI_3010G021500	MODIFIER
S10_1722037	SORBI_3010G021401	MODIFIER
S10_1802618	SORBI_3010G022000	MODIFIER
S10_1802618	SORBI_3010G022100	MODIFIER
S10_1802618	SORBI_3010G022200	MODIFIER
S10_1802618	SORBI_3010G022200	MODIFIER
S10_1802618	SORBI_3010G022200	MODIFIER
S10_1885515	SORBI_3010G023000	MODIFIER
S10_1885515	SORBI_3010G023200	MODIFIER
S10_1885515	SORBI_3010G023300	MODIFIER
S10_1885515	SORBI_3010G023066	MODIFIER
S10_1885515	SORBI_3010G023132	MODIFIER
S10_1906492	SORBI_3010G023500	MODIFIER
S10_1906492	SORBI_3010G023500	MODIFIER
S10_1908218	SORBI_3010G023500	MODERATE
S10_1908218	SORBI_3010G023500	MODERATE
S10_1924132	SORBI_3010G023600	MODIFIER
S10_2106857	SORBI_3010G025850	MODIFIER
S10_2106857	SORBI_3010G025850	MODIFIER
S10_2106857	SORBI_3010G025850	MODIFIER
S10_2106857	SORBI_3010G025850	MODIFIER
S10_2109258	SORBI_3010G025850	MODIFIER
S10_2109258	SORBI_3010G025850	MODIFIER
S10_2109258	SORBI_3010G025850	MODIFIER
S10_2109258	SORBI_3010G025850	MODIFIER
S10_2109306	SORBI_3010G025850	MODIFIER
S10_2109306	SORBI_3010G025850	MODIFIER
S10_2109306	SORBI_3010G025850	MODIFIER
S10_2109306	SORBI_3010G025850	MODIFIER
S10_2109322	SORBI_3010G025850	MODIFIER
S10_2109322	SORBI_3010G025850	MODIFIER
S10_2109322	SORBI_3010G025850	MODIFIER
S10_2109322	SORBI_3010G025850	MODIFIER
S10_2109336	SORBI_3010G025850	MODIFIER
S10_2109336	SORBI_3010G025850	MODIFIER
S10_2109336	SORBI_3010G025850	MODIFIER
S10_2109336	SORBI_3010G025850	MODIFIER
S10_2109337	SORBI_3010G025850	MODIFIER
S10_2109337	SORBI_3010G025850	MODIFIER
S10_2109337	SORBI_3010G025850	MODIFIER
S10_2109337	SORBI_3010G025850	MODIFIER
S10_2138459	SORBI_3010G026300	MODIFIER
S10_2138459	SORBI_3010G026400	MODIFIER
S10_2138459	SORBI_3010G026200	MODIFIER
S10_2138459	SORBI_3010G026200	MODIFIER
S10_2138475	SORBI_3010G026300	MODIFIER
S10_2138475	SORBI_3010G026400	MODIFIER
S10_2138475	SORBI_3010G026200	MODIFIER
S10_2138475	SORBI_3010G026200	MODIFIER
S10_2138485	SORBI_3010G026300	MODIFIER
S10_2138485	SORBI_3010G026400	MODIFIER
S10_2138485	SORBI_3010G026200	MODIFIER
S10_2138485	SORBI_3010G026200	MODIFIER
S10_2184272	SORBI_3010G027100	MODIFIER
S10_2184272	SORBI_3010G027100	MODIFIER
S10_2184272	SORBI_3010G027200	MODIFIER
S10_2184272	SORBI_3010G027200	MODIFIER
S10_2184272	SORBI_3010G027100	MODIFIER
S10_2184272	SORBI_3010G027100	MODIFIER
S10_2184272	SORBI_3010G027100	MODIFIER
S10_2184272	SORBI_3010G027100	MODIFIER
S10_2184272	SORBI_3010G027100	MODIFIER
S10_2184272	SORBI_3010G027100	MODIFIER
S10_2184272	SORBI_3010G027100	MODIFIER
S10_2184272	SORBI_3010G027100	MODIFIER
S10_2184272	SORBI_3010G027100	MODIFIER
S10_2184272	SORBI_3010G027100	MODIFIER
S10_2184275	SORBI_3010G027100	MODIFIER
S10_2184275	SORBI_3010G027100	MODIFIER
S10_2184275	SORBI_3010G027200	MODIFIER
S10_2184275	SORBI_3010G027200	MODIFIER
S10_2184275	SORBI_3010G027100	MODIFIER
S10_2184275	SORBI_3010G027100	MODIFIER
S10_2184275	SORBI_3010G027100	MODIFIER
S10_2184275	SORBI_3010G027100	MODIFIER
S10_2184275	SORBI_3010G027100	MODIFIER
S10_2184275	SORBI_3010G027100	MODIFIER
S10_2184275	SORBI_3010G027100	MODIFIER
S10_2184275	SORBI_3010G027100	MODIFIER
S10_2184275	SORBI_3010G027100	MODIFIER
S10_2184275	SORBI_3010G027100	MODIFIER
S10_2184279	SORBI_3010G027100	MODIFIER
S10_2184279	SORBI_3010G027100	MODIFIER
S10_2184279	SORBI_3010G027200	MODIFIER
S10_2184279	SORBI_3010G027200	MODIFIER
S10_2184279	SORBI_3010G027100	MODIFIER
S10_2184279	SORBI_3010G027100	MODIFIER
S10_2184279	SORBI_3010G027100	MODIFIER
S10_2184279	SORBI_3010G027100	MODIFIER
S10_2184279	SORBI_3010G027100	MODIFIER
S10_2184279	SORBI_3010G027100	MODIFIER
S10_2184279	SORBI_3010G027100	MODIFIER
S10_2184279	SORBI_3010G027100	MODIFIER
S10_2184279	SORBI_3010G027100	MODIFIER
S10_2184279	SORBI_3010G027100	MODIFIER
S10_2184281	SORBI_3010G027100	MODIFIER
S10_2184281	SORBI_3010G027100	MODIFIER
S10_2184281	SORBI_3010G027200	MODIFIER
S10_2184281	SORBI_3010G027200	MODIFIER
S10_2184281	SORBI_3010G027100	MODIFIER
S10_2184281	SORBI_3010G027100	MODIFIER
S10_2184281	SORBI_3010G027100	MODIFIER
S10_2184281	SORBI_3010G027100	MODIFIER
S10_2184281	SORBI_3010G027100	MODIFIER
S10_2184281	SORBI_3010G027100	MODIFIER
S10_2184281	SORBI_3010G027100	MODIFIER
S10_2184281	SORBI_3010G027100	MODIFIER
S10_2184281	SORBI_3010G027100	MODIFIER
S10_2184281	SORBI_3010G027100	MODIFIER
S10_2184292	SORBI_3010G027100	MODIFIER
S10_2184292	SORBI_3010G027100	MODIFIER
S10_2184292	SORBI_3010G027200	MODIFIER
S10_2184292	SORBI_3010G027200	MODIFIER
S10_2184292	SORBI_3010G027100	MODIFIER
S10_2184292	SORBI_3010G027100	MODIFIER
S10_2184292	SORBI_3010G027100	MODIFIER
S10_2184292	SORBI_3010G027100	MODIFIER
S10_2184292	SORBI_3010G027100	MODIFIER
S10_2184292	SORBI_3010G027100	MODIFIER
S10_2184292	SORBI_3010G027100	MODIFIER
S10_2184292	SORBI_3010G027100	MODIFIER
S10_2184292	SORBI_3010G027100	MODIFIER
S10_2184292	SORBI_3010G027100	MODIFIER
S10_2184496	SORBI_3010G027100	MODIFIER
S10_2184496	SORBI_3010G027100	MODIFIER
S10_2184496	SORBI_3010G027200	MODIFIER
S10_2184496	SORBI_3010G027200	MODIFIER
S10_2184496	SORBI_3010G027100	MODIFIER
S10_2184496	SORBI_3010G027100	MODIFIER
S10_2184496	SORBI_3010G027100	MODIFIER
S10_2184496	SORBI_3010G027100	MODIFIER
S10_2184496	SORBI_3010G027100	MODIFIER
S10_2184496	SORBI_3010G027100	MODIFIER
S10_2184496	SORBI_3010G027100	MODIFIER
S10_2184496	SORBI_3010G027100	MODIFIER
S10_2184496	SORBI_3010G027100	MODIFIER
S10_2184496	SORBI_3010G027100	MODIFIER
S10_2188285	SORBI_3010G027100	MODIFIER
S10_2188285	SORBI_3010G027100	MODIFIER
S10_2188285	SORBI_3010G027200	MODIFIER
S10_2188285	SORBI_3010G027200	MODIFIER
S10_2188285	SORBI_3010G027100	MODIFIER
S10_2188285	SORBI_3010G027100	MODIFIER
S10_2188285	SORBI_3010G027100	MODIFIER
S10_2284721	SORBI_3010G028000	MODIFIER
S10_2284721	SORBI_3010G027800	MODIFIER
S10_2284721	SORBI_3010G028000	MODIFIER
S10_2306102	SORBI_3010G028300	MODIFIER
S10_2306102	SORBI_3010G028200	MODIFIER
S10_2306102	SORBI_3010G028300	MODIFIER
S10_2306102	SORBI_3010G028333	MODIFIER
S10_2307370	SORBI_3010G028300	MODIFIER
S10_2307370	SORBI_3010G028200	MODIFIER
S10_2307370	SORBI_3010G028300	MODIFIER
S10_2307370	SORBI_3010G028333	MODIFIER
S10_2343360	SORBI_3010G028900	MODIFIER
S10_2343360	SORBI_3010G029000	MODIFIER
S10_2343360	SORBI_3010G028800	MODIFIER
S10_2343360	SORBI_3010G028800	MODIFIER
S10_2343360	SORBI_3010G028950	MODIFIER
S10_2343369	SORBI_3010G028900	MODIFIER
S10_2343369	SORBI_3010G029000	MODIFIER
S10_2343369	SORBI_3010G028800	MODIFIER
S10_2343369	SORBI_3010G028800	MODIFIER
S10_2343369	SORBI_3010G028950	MODIFIER
S10_2350610	SORBI_3010G029000	MODIFIER
S10_2350610	SORBI_3010G028950	MODIFIER
S10_2350610	SORBI_3010G029100	MODIFIER
S10_2358797	SORBI_3010G029300	MODIFIER
S10_2358797	SORBI_3010G029200	MODIFIER
S10_2358797	SORBI_3010G029400	MODIFIER
S10_2358797	SORBI_3010G029100	MODIFIER
S10_2396109	SORBI_3010G029600	MODIFIER
S10_2396164	SORBI_3010G029600	MODIFIER
S10_2409311	SORBI_3010G029700	LOW
S10_2409311	SORBI_3010G029700	LOW
S10_2409311	SORBI_3010G029800	MODIFIER
S10_2409811	SORBI_3010G029700	MODIFIER
S10_2409811	SORBI_3010G029700	MODIFIER
S10_2409811	SORBI_3010G029800	MODIFIER
S10_2435084	SORBI_3010G030000	MODIFIER
S10_2562092	SORBI_3010G031700	MODIFIER
S10_2562092	SORBI_3010G031900	MODIFIER
S10_2562092	SORBI_3010G031800	MODIFIER
S10_2579664	SORBI_3010G032100	MODIFIER
S10_2579664	SORBI_3010G032300	MODIFIER
S10_2579664	SORBI_3010G032200	MODIFIER
S10_2579726	SORBI_3010G032100	MODIFIER
S10_2579726	SORBI_3010G032300	MODIFIER
S10_2579726	SORBI_3010G032200	MODIFIER
S10_2579729	SORBI_3010G032100	MODIFIER
S10_2579729	SORBI_3010G032300	MODIFIER
S10_2579729	SORBI_3010G032200	MODIFIER
S10_2843717	SORBI_3010G035200	MODIFIER
S10_2843724	SORBI_3010G035200	MODIFIER
S10_2913064	SORBI_3010G036400	MODIFIER
S10_2913064	SORBI_3010G036301	MODIFIER
S10_2913064	SORBI_3010G036301	MODIFIER
S10_3031019	SORBI_3010G038000	MODIFIER
S10_3031019	SORBI_3010G038200	MODIFIER
S10_3031019	SORBI_3010G038100	MODIFIER
S10_3163690	SORBI_3010G040200	MODIFIER
S10_3163690	SORBI_3010G040400	MODIFIER
S10_3163690	SORBI_3010G040200	MODIFIER
S10_3163690	SORBI_3010G040300	MODIFIER
S10_3192883	SORBI_3010G040900	MODIFIER
S10_3192883	SORBI_3010G041000	MODIFIER
S10_3192883	SORBI_3010G040800	MODIFIER
S10_3229450	SORBI_3010G041600	MODIFIER
S10_3229450	SORBI_3010G041700	MODIFIER
S10_3229450	SORBI_3010G041700	MODIFIER
S10_3346546	SORBI_3010G043200	MODIFIER
S10_3346546	SORBI_3010G043250	MODIFIER
S10_3346550	SORBI_3010G043200	MODIFIER
S10_3346550	SORBI_3010G043250	MODIFIER
S10_3504685	SORBI_3010G045100	MODIFIER
S10_3504685	SORBI_3010G045100	MODIFIER
S10_3525023	SORBI_3010G045200	MODIFIER
S10_3590571	SORBI_3010G046200	MODIFIER
S10_3590571	SORBI_3010G046100	MODIFIER
S10_3590571	SORBI_3010G045966	MODIFIER
S10_3785107	SORBI_3010G048800	MODIFIER
S10_3785107	SORBI_3010G048900	MODIFIER
S10_3785107	SORBI_3010G048900	MODIFIER
S10_3787848	SORBI_3010G048900	MODIFIER
S10_3787848	SORBI_3010G048900	MODIFIER
S10_3787867	SORBI_3010G048900	MODIFIER
S10_3787867	SORBI_3010G048900	MODIFIER
S10_3788171	SORBI_3010G048900	MODIFIER
S10_3788171	SORBI_3010G048900	MODIFIER
S10_4020961	SORBI_3010G051600	MODIFIER
S10_4020961	SORBI_3010G051700	MODIFIER
S10_4032949	SORBI_3010G051700	MODIFIER
S10_4035730	SORBI_3010G051700	MODIFIER
S10_4176402	SORBI_3010G053100	MODIFIER
S10_4176402	SORBI_3010G053200	MODIFIER
S10_4212314	SORBI_3010G053600	MODIFIER
S10_4212314	SORBI_3010G053700	MODIFIER
S10_4280249	SORBI_3010G054600	MODIFIER
S10_4455756	SORBI_3010G057000	MODIFIER
S10_4455756	SORBI_3010G057100	MODIFIER
S10_4455756	SORBI_3010G057200	MODIFIER
S10_4456158	SORBI_3010G057100	MODIFIER
S10_4456158	SORBI_3010G057200	MODIFIER
S10_4614891	SORBI_3010G058700	MODIFIER
S10_4647545	SORBI_3010G059300	MODIFIER
S10_4647545	SORBI_3010G059200	MODIFIER
S10_4647545	SORBI_3010G059400	MODIFIER
S10_4749990	SORBI_3010G060500	MODIFIER
S10_4749990	SORBI_3010G060500	MODIFIER
S10_4749990	SORBI_3010G060400	MODIFIER
S10_4789565	SORBI_3010G060800	MODIFIER
S10_4789565	SORBI_3010G060800	MODIFIER
S10_4789565	SORBI_3010G060900	MODIFIER
S10_4817342	SORBI_3010G061400	MODIFIER
S10_4817342	SORBI_3010G061500	MODIFIER
S10_4817342	SORBI_3010G061600	MODIFIER
S10_4817342	SORBI_3010G061700	MODIFIER
S10_4917822	SORBI_3010G062500	MODIFIER
S10_4917822	SORBI_3010G062800	MODIFIER
S10_4917822	SORBI_3010G062700	MODIFIER
S10_4917822	SORBI_3010G062500	MODIFIER
S10_4917822	SORBI_3010G062600	MODIFIER
S10_5064506	SORBI_3010G064000	MODIFIER
S10_5064506	SORBI_3010G064050	MODIFIER
S10_5064557	SORBI_3010G064000	MODIFIER
S10_5064557	SORBI_3010G064050	MODIFIER
S10_5065664	SORBI_3010G064000	MODIFIER
S10_5065664	SORBI_3010G064100	MODIFIER
S10_5065664	SORBI_3010G064050	MODIFIER
S10_5065672	SORBI_3010G064000	MODIFIER
S10_5065672	SORBI_3010G064100	MODIFIER
S10_5065672	SORBI_3010G064050	MODIFIER
S10_5065676	SORBI_3010G064000	MODIFIER
S10_5065676	SORBI_3010G064100	MODIFIER
S10_5065676	SORBI_3010G064050	MODIFIER
S10_5065686	SORBI_3010G064000	MODIFIER
S10_5065686	SORBI_3010G064100	MODIFIER
S10_5065686	SORBI_3010G064050	MODIFIER
S10_5116643	SORBI_3010G064600	MODIFIER
S10_5116643	SORBI_3010G064600	MODIFIER
S10_5155782	SORBI_3010G065001	MODIFIER
S10_5160450	SORBI_3010G065001	MODIFIER
S10_5238422	SORBI_3010G065900	MODIFIER
S10_5247389	SORBI_3010G065900	MODIFIER
S10_5274240	SORBI_3010G066100	MODIFIER
S10_5402375	SORBI_3010G067400	LOW
S10_5402375	SORBI_3010G067500	MODIFIER
S10_5404202	SORBI_3010G067400	MODIFIER
S10_5404202	SORBI_3010G067500	MODIFIER
S10_5404202	SORBI_3010G067500	MODIFIER
S10_5404577	SORBI_3010G067400	MODIFIER
S10_5404577	SORBI_3010G067500	MODIFIER
S10_5404577	SORBI_3010G067500	MODIFIER
S10_5407002	SORBI_3010G067400	MODIFIER
S10_5407002	SORBI_3010G067500	MODIFIER
S10_5407002	SORBI_3010G067500	MODIFIER
S10_5432030	SORBI_3010G067600	MODIFIER
S10_5432030	SORBI_3010G067700	MODIFIER
S10_5432030	SORBI_3010G067700	MODIFIER
S10_5443894	SORBI_3010G067800	MODIFIER
S10_5443894	SORBI_3010G067900	MODIFIER
S10_5446089	SORBI_3010G067800	MODIFIER
S10_5446089	SORBI_3010G067900	MODIFIER
S10_5505040	SORBI_3010G068500	MODIFIER
S10_5505040	SORBI_3010G068500	MODIFIER
S10_5505040	SORBI_3010G068600	MODIFIER
S10_5505040	SORBI_3010G068600	MODIFIER
S10_5505040	SORBI_3010G068600	MODIFIER
S10_5505040	SORBI_3010G068600	MODIFIER
S10_5530681	SORBI_3010G068900	MODIFIER
S10_5530681	SORBI_3010G068950	MODIFIER
S10_5542197	SORBI_3010G069100	MODIFIER
S10_5542197	SORBI_3010G069000	MODIFIER
S10_5542197	SORBI_3010G069000	MODIFIER
S10_5542197	SORBI_3010G069100	MODIFIER
S10_5555535	SORBI_3010G069100	MODIFIER
S10_5555535	SORBI_3010G069100	MODIFIER
S10_5555535	SORBI_3010G069200	MODIFIER
S10_5587007	SORBI_3010G069700	MODIFIER
S10_5587007	SORBI_3010G069500	MODIFIER
S10_5587007	SORBI_3010G069500	MODIFIER
S10_5587007	SORBI_3010G069600	MODIFIER
S10_5587025	SORBI_3010G069700	MODIFIER
S10_5587025	SORBI_3010G069600	MODIFIER
S10_5592838	SORBI_3010G069700	MODIFIER
S10_5630395	SORBI_3010G070200	MODIFIER
S10_5630395	SORBI_3010G070000	MODIFIER
S10_5630395	SORBI_3010G070100	MODIFIER
S10_5630395	SORBI_3010G070100	MODIFIER
S10_5702557	SORBI_3010G071000	MODIFIER
S10_5702557	SORBI_3010G071100	MODIFIER
S10_5721540	SORBI_3010G071300	MODIFIER
S10_5721540	SORBI_3010G071400	MODIFIER
S10_5824867	SORBI_3010G072000	MODIFIER
S10_5824867	SORBI_3010G071900	MODIFIER
S10_5824881	SORBI_3010G072000	MODIFIER
S10_5824881	SORBI_3010G071900	MODIFIER
S10_5827546	SORBI_3010G072000	MODIFIER
S10_5827546	SORBI_3010G072100	MODIFIER
S10_5909614	SORBI_3010G072600	MODIFIER
S10_5909617	SORBI_3010G072600	MODIFIER
S10_5909620	SORBI_3010G072600	MODIFIER
S10_5909634	SORBI_3010G072600	MODIFIER
S10_5910031	SORBI_3010G072600	MODIFIER
S10_5910041	SORBI_3010G072600	MODIFIER
S10_5910043	SORBI_3010G072600	MODIFIER
S10_5910181	SORBI_3010G072600	MODIFIER
S10_5910183	SORBI_3010G072600	MODIFIER
S10_5910214	SORBI_3010G072600	MODIFIER
S10_5910221	SORBI_3010G072600	MODIFIER
S10_5910239	SORBI_3010G072600	MODIFIER
S10_5910247	SORBI_3010G072600	MODIFIER
S10_5910255	SORBI_3010G072600	MODIFIER
S10_5910268	SORBI_3010G072600	MODIFIER
S10_5910277	SORBI_3010G072600	MODIFIER
S10_5910285	SORBI_3010G072600	MODIFIER
S10_5910297	SORBI_3010G072600	MODIFIER
S10_5910300	SORBI_3010G072600	MODIFIER
S10_5910378	SORBI_3010G072600	MODIFIER
S10_5910393	SORBI_3010G072600	MODIFIER
S10_5913051	SORBI_3010G072600	MODIFIER
S10_5913066	SORBI_3010G072600	MODIFIER
S10_5913089	SORBI_3010G072600	MODIFIER
S10_5914680	SORBI_3010G072700	MODIFIER
S10_5914680	SORBI_3010G072600	MODIFIER
S10_5914740	SORBI_3010G072700	MODIFIER
S10_5914740	SORBI_3010G072600	MODIFIER
S10_5914750	SORBI_3010G072700	MODIFIER
S10_5914750	SORBI_3010G072600	MODIFIER
S10_6025755	SORBI_3010G073600	MODIFIER
S10_6025755	SORBI_3010G073700	MODIFIER
S10_6025755	SORBI_3010G073700	MODIFIER
S10_6165126	SORBI_3010G075200	MODIFIER
S10_6165126	SORBI_3010G075200	MODIFIER
S10_6165126	SORBI_3010G075300	MODIFIER
S10_6165144	SORBI_3010G075200	MODIFIER
S10_6165144	SORBI_3010G075200	MODIFIER
S10_6165144	SORBI_3010G075300	MODIFIER
S10_6166611	SORBI_3010G075200	MODIFIER
S10_6166611	SORBI_3010G075200	MODIFIER
S10_6166611	SORBI_3010G075300	MODIFIER
S10_6195076	SORBI_3010G075500	MODIFIER
S10_6195076	SORBI_3010G075600	MODIFIER
S10_6265917	SORBI_3010G076200	MODIFIER
S10_6265917	SORBI_3010G076200	MODIFIER
S10_6265917	SORBI_3010G076200	MODIFIER
S10_6287267	SORBI_3010G076400	MODIFIER
S10_6287267	SORBI_3010G076500	MODIFIER
S10_6303127	SORBI_3010G076600	MODIFIER
S10_6305169	SORBI_3010G076700	MODIFIER
S10_6305178	SORBI_3010G076700	MODIFIER
S10_6308880	SORBI_3010G076700	MODIFIER
S10_6800653	SORBI_3010G079900	MODIFIER
S10_6800653	SORBI_3010G080000	MODIFIER
S10_6911845	SORBI_3010G080900	MODIFIER
S10_6920053	SORBI_3010G081100	MODIFIER
S10_6920060	SORBI_3010G081100	MODIFIER
S10_6920088	SORBI_3010G081100	MODIFIER
S10_6921236	SORBI_3010G081100	MODIFIER
S10_6921246	SORBI_3010G081100	MODIFIER
S10_6958660	SORBI_3010G081600	MODIFIER
S10_6990354	SORBI_3010G081750	MODIFIER
S10_6990358	SORBI_3010G081750	MODIFIER
S10_7051380	SORBI_3010G082500	MODIFIER
S10_7051380	SORBI_3010G082600	MODIFIER
S10_7051380	SORBI_3010G082400	MODIFIER
S10_7051380	SORBI_3010G082700	MODIFIER
S10_7081937	SORBI_3010G083000	MODIFIER
S10_7081937	SORBI_3010G082900	MODIFIER
S10_7081937	SORBI_3010G083000	MODIFIER
S10_7081937	SORBI_3010G082850	MODIFIER
S10_7081937	SORBI_3010G083000	MODIFIER
S10_7081943	SORBI_3010G083000	MODIFIER
S10_7081943	SORBI_3010G082900	MODIFIER
S10_7081943	SORBI_3010G083000	MODIFIER
S10_7081943	SORBI_3010G082850	MODIFIER
S10_7081943	SORBI_3010G083000	MODIFIER
S10_7082033	SORBI_3010G083000	MODIFIER
S10_7082033	SORBI_3010G082900	MODIFIER
S10_7082033	SORBI_3010G083000	MODIFIER
S10_7082033	SORBI_3010G082850	MODIFIER
S10_7082033	SORBI_3010G083000	MODIFIER
S10_7082035	SORBI_3010G083000	MODIFIER
S10_7082035	SORBI_3010G082900	MODIFIER
S10_7082035	SORBI_3010G083000	MODIFIER
S10_7082035	SORBI_3010G082850	MODIFIER
S10_7082035	SORBI_3010G083000	MODIFIER
S10_7082041	SORBI_3010G083000	MODIFIER
S10_7082041	SORBI_3010G082900	MODIFIER
S10_7082041	SORBI_3010G083000	MODIFIER
S10_7082041	SORBI_3010G082850	MODIFIER
S10_7082041	SORBI_3010G083000	MODIFIER
S10_7082043	SORBI_3010G083000	MODIFIER
S10_7082043	SORBI_3010G082900	MODIFIER
S10_7082043	SORBI_3010G083000	MODIFIER
S10_7082043	SORBI_3010G082850	MODIFIER
S10_7082043	SORBI_3010G083000	MODIFIER
S10_7082048	SORBI_3010G083000	MODIFIER
S10_7082048	SORBI_3010G082900	MODIFIER
S10_7082048	SORBI_3010G083000	MODIFIER
S10_7082048	SORBI_3010G082850	MODIFIER
S10_7082048	SORBI_3010G083000	MODIFIER
S10_7087742	SORBI_3010G083000	MODIFIER
S10_7087742	SORBI_3010G082900	MODIFIER
S10_7087742	SORBI_3010G083000	MODIFIER
S10_7087742	SORBI_3010G083100	MODIFIER
S10_7087742	SORBI_3010G083000	MODIFIER
S10_7087742	SORBI_3010G083050	MODIFIER
S10_7094018	SORBI_3010G083000	MODIFIER
S10_7094018	SORBI_3010G083300	MODIFIER
S10_7094018	SORBI_3010G083000	MODIFIER
S10_7094018	SORBI_3010G083100	MODIFIER
S10_7094018	SORBI_3010G083050	MODIFIER
S10_7094018	SORBI_3010G083200	MODIFIER
S10_7120034	SORBI_3010G083600	MODIFIER
S10_7120034	SORBI_3010G083550	MODIFIER
S10_7123384	SORBI_3010G083600	MODIFIER
S10_7136894	SORBI_3010G083700	MODIFIER
S10_7136897	SORBI_3010G083700	MODIFIER
S10_7136899	SORBI_3010G083700	MODIFIER
S10_7136905	SORBI_3010G083700	MODIFIER
S10_7207955	SORBI_3010G084300	MODIFIER
S10_7207955	SORBI_3010G084400	MODIFIER
S10_7288142	SORBI_3010G085200	MODIFIER
S10_7306163	SORBI_3010G085400	LOW
S10_7336213	SORBI_3010G085500	MODIFIER
S10_7344358	SORBI_3010G085600	MODIFIER
S10_7344358	SORBI_3010G085600	MODIFIER
S10_7344358	SORBI_3010G085600	MODIFIER
S10_7370088	SORBI_3010G085800	MODIFIER
S10_7370088	SORBI_3010G085700	MODIFIER
S10_7479947	SORBI_3010G087200	MODIFIER
S10_7479947	SORBI_3010G087300	MODIFIER
S10_7479947	SORBI_3010G087300	MODIFIER
S10_7479947	SORBI_3010G087300	MODIFIER
S10_7509566	SORBI_3010G087400	MODIFIER
S10_7509566	SORBI_3010G087500	MODIFIER
S10_7509566	SORBI_3010G087600	MODIFIER
S10_7509566	SORBI_3010G087400	MODIFIER
S10_7509566	SORBI_3010G087400	MODIFIER
S10_7509572	SORBI_3010G087400	MODIFIER
S10_7509572	SORBI_3010G087500	MODIFIER
S10_7509572	SORBI_3010G087600	MODIFIER
S10_7509572	SORBI_3010G087400	MODIFIER
S10_7509572	SORBI_3010G087400	MODIFIER
S10_7509573	SORBI_3010G087400	MODIFIER
S10_7509573	SORBI_3010G087500	MODIFIER
S10_7509573	SORBI_3010G087600	MODIFIER
S10_7509573	SORBI_3010G087400	MODIFIER
S10_7509573	SORBI_3010G087400	MODIFIER
S10_7509586	SORBI_3010G087400	MODIFIER
S10_7509586	SORBI_3010G087500	MODIFIER
S10_7509586	SORBI_3010G087600	MODIFIER
S10_7509586	SORBI_3010G087400	MODIFIER
S10_7509586	SORBI_3010G087400	MODIFIER
S10_7532411	SORBI_3010G088000	MODIFIER
S10_7532411	SORBI_3010G088100	MODIFIER
S10_7532411	SORBI_3010G088200	MODIFIER
S10_7557437	SORBI_3010G088300	LOW
S10_7557437	SORBI_3010G088400	MODIFIER
S10_7565905	SORBI_3010G088500	MODIFIER
S10_7592166	SORBI_3010G088600	MODIFIER
S10_7592166	SORBI_3010G088700	MODIFIER
S10_7592166	SORBI_3010G088600	MODIFIER
S10_7592233	SORBI_3010G088600	MODIFIER
S10_7592233	SORBI_3010G088700	MODIFIER
S10_7592233	SORBI_3010G088600	MODIFIER
S10_7592238	SORBI_3010G088600	MODIFIER
S10_7592238	SORBI_3010G088700	MODIFIER
S10_7592238	SORBI_3010G088600	MODIFIER
S10_7853459	SORBI_3010G090301	MODIFIER
S10_7866515	SORBI_3010G090500	MODIFIER
S10_7866515	SORBI_3010G090401	MODIFIER
S10_7882146	SORBI_3010G090500	MODIFIER
S10_7882146	SORBI_3010G090550	MODIFIER
S10_7882146	SORBI_3010G090600	MODIFIER
S10_7956879	SORBI_3010G091200	MODIFIER
S10_7956879	SORBI_3010G091200	MODIFIER
S10_7956879	SORBI_3010G091250	MODIFIER
S10_7956879	SORBI_3010G091300	MODIFIER
S10_7956879	SORBI_3010G091300	MODIFIER
S10_7984597	SORBI_3010G091366	MODIFIER
S10_8094743	SORBI_3010G091700	MODIFIER
S10_8197807	SORBI_3010G092600	MODIFIER
S10_8197809	SORBI_3010G092600	MODIFIER
S10_8275785	SORBI_3010G093001	MODIFIER
S10_8577653	SORBI_3010G095500	MODIFIER
S10_8585364	SORBI_3010G095550	MODIFIER
S10_8606100	SORBI_3010G095700	MODIFIER
S10_8703725	SORBI_3010G096500	MODIFIER
S10_8703725	SORBI_3010G096500	MODIFIER
S10_8703989	SORBI_3010G096500	MODIFIER
S10_8703989	SORBI_3010G096500	MODIFIER
S10_8707645	SORBI_3010G096500	MODIFIER
S10_8707645	SORBI_3010G096600	MODIFIER
S10_8753295	SORBI_3010G097200	MODIFIER
S10_8822520	SORBI_3010G097400	MODIFIER
S10_8905857	SORBI_3010G098700	MODIFIER
S10_8905857	SORBI_3010G098700	MODIFIER
S10_8905857	SORBI_3010G098700	MODIFIER
S10_8905857	SORBI_3010G098700	MODIFIER
S10_8905857	SORBI_3010G098700	MODIFIER
S10_8905857	SORBI_3010G098700	MODIFIER
S10_8917596	SORBI_3010G098800	LOW
S10_8917596	SORBI_3010G098800	LOW
S10_9014717	SORBI_3010G099700	MODIFIER
S10_9014717	SORBI_3010G099700	MODIFIER
S10_9014717	SORBI_3010G099700	MODIFIER
S10_9015276	SORBI_3010G099700	MODIFIER
S10_9015276	SORBI_3010G099700	MODIFIER
S10_9015276	SORBI_3010G099700	MODIFIER
S10_9091053	SORBI_3010G100150	MODIFIER
S10_9160913	SORBI_3010G100300	MODIFIER
S10_9160913	SORBI_3010G100300	MODIFIER
S10_9160913	SORBI_3010G100300	MODIFIER
S10_9160913	SORBI_3010G100300	MODIFIER
S10_9242520	SORBI_3010G100600	MODIFIER
S10_9242520	SORBI_3010G100650	MODIFIER
S10_9287935	SORBI_3010G100800	MODIFIER
S10_9287935	SORBI_3010G100700	MODIFIER
S10_9334336	SORBI_3010G101300	MODIFIER
S10_9334336	SORBI_3010G101300	MODIFIER
S10_9359299	SORBI_3010G101500	MODIFIER
S10_9365260	SORBI_3010G101500	MODIFIER
S10_9365260	SORBI_3010G101600	MODIFIER
S10_9365723	SORBI_3010G101500	MODIFIER
S10_9365723	SORBI_3010G101600	MODIFIER
S10_9378888	SORBI_3010G101600	MODIFIER
S10_9378888	SORBI_3010G101700	MODIFIER
S10_9382702	SORBI_3010G101700	MODIFIER
S10_9483065	SORBI_3010G102050	MODIFIER
S10_9483078	SORBI_3010G102050	MODIFIER
S10_9570948	SORBI_3010G102700	MODIFIER
S10_9570948	SORBI_3010G102600	MODIFIER
S10_9570948	SORBI_3010G102800	MODIFIER
S10_9576325	SORBI_3010G102800	MODIFIER
S10_9576326	SORBI_3010G102800	MODIFIER
S10_9576358	SORBI_3010G102800	MODIFIER
S10_9576362	SORBI_3010G102800	MODIFIER
S10_9578201	SORBI_3010G102800	MODIFIER
S10_9654414	SORBI_3010G103000	MODIFIER
S10_9654414	SORBI_3010G102900	MODIFIER
S10_9696539	SORBI_3010G103300	MODIFIER
S10_9696539	SORBI_3010G103400	MODIFIER
S10_9696539	SORBI_3010G103300	MODIFIER
S10_9696539	SORBI_3010G103300	MODIFIER
S10_9697319	SORBI_3010G103300	MODIFIER
S10_9697319	SORBI_3010G103400	MODIFIER
S10_9697319	SORBI_3010G103300	MODIFIER
S10_9697319	SORBI_3010G103300	MODIFIER
S10_9768995	SORBI_3010G103900	MODIFIER
S10_9769000	SORBI_3010G103900	MODIFIER
S10_9797462	SORBI_3010G104100	MODIFIER
S10_9858171	SORBI_3010G104600	MODIFIER
S10_9858171	SORBI_3010G104700	MODIFIER
S10_9858171	SORBI_3010G104500	MODIFIER
S10_9858171	SORBI_3010G104600	MODIFIER
S10_9868637	SORBI_3010G104700	MODIFIER
S10_9868637	SORBI_3010G104800	MODIFIER
S10_9868644	SORBI_3010G104700	MODIFIER
S10_9868644	SORBI_3010G104800	MODIFIER
S10_9868652	SORBI_3010G104700	MODIFIER
S10_9868652	SORBI_3010G104800	MODIFIER
S10_9868664	SORBI_3010G104700	MODIFIER
S10_9868664	SORBI_3010G104800	MODIFIER
S10_9868667	SORBI_3010G104700	MODIFIER
S10_9868667	SORBI_3010G104800	MODIFIER
S10_9869245	SORBI_3010G104700	MODIFIER
S10_9869245	SORBI_3010G104800	MODIFIER
S10_9872201	SORBI_3010G104800	MODIFIER
S10_9872201	SORBI_3010G104900	MODIFIER
S10_9872201	SORBI_3010G104900	MODIFIER
S10_9872201	SORBI_3010G104900	MODIFIER
S10_9872201	SORBI_3010G104900	MODIFIER
S10_9874154	SORBI_3010G104800	MODIFIER
S10_9874154	SORBI_3010G104900	MODIFIER
S10_9874154	SORBI_3010G104900	MODIFIER
S10_9874154	SORBI_3010G104900	MODIFIER
S10_9874154	SORBI_3010G104900	MODIFIER
S10_9901808	SORBI_3010G105100	MODIFIER
S10_9961893	SORBI_3010G105200	MODIFIER
S10_9961893	SORBI_3010G105200	MODIFIER
S10_10028243	SORBI_3010G105300	MODIFIER
S10_10043254	SORBI_3010G105400	MODIFIER
S10_10043254	SORBI_3010G105350	MODIFIER
S10_10043276	SORBI_3010G105400	MODIFIER
S10_10043276	SORBI_3010G105350	MODIFIER
S10_10050709	SORBI_3010G105600	MODIFIER
S10_10050709	SORBI_3010G105400	MODIFIER
S10_10050709	SORBI_3010G105500	MODIFIER
S10_10050712	SORBI_3010G105600	MODIFIER
S10_10050712	SORBI_3010G105400	MODIFIER
S10_10050712	SORBI_3010G105500	MODIFIER
S10_10050721	SORBI_3010G105600	MODIFIER
S10_10050721	SORBI_3010G105400	MODIFIER
S10_10050721	SORBI_3010G105500	MODIFIER
S10_10050722	SORBI_3010G105600	MODIFIER
S10_10050722	SORBI_3010G105400	MODIFIER
S10_10050722	SORBI_3010G105500	MODIFIER
S10_10178219	SORBI_3010G106200	MODIFIER
S10_10182863	SORBI_3010G106200	MODIFIER
S10_10182863	SORBI_3010G106300	MODIFIER
S10_10183854	SORBI_3010G106300	MODIFIER
S10_10183990	SORBI_3010G106300	MODIFIER
S10_10210649	SORBI_3010G106500	MODIFIER
S10_10210649	SORBI_3010G106500	MODIFIER
S10_10212969	SORBI_3010G106500	MODIFIER
S10_10212969	SORBI_3010G106500	MODIFIER
S10_10543520	SORBI_3010G107200	MODIFIER
S10_10618296	SORBI_3010G107400	MODIFIER
S10_10618296	SORBI_3010G107601	MODIFIER
S10_10620684	SORBI_3010G107400	MODIFIER
S10_10620684	SORBI_3010G107601	MODIFIER
S10_10628735	SORBI_3010G107800	MODIFIER
S10_10628801	SORBI_3010G107800	MODIFIER
S10_10632629	SORBI_3010G107800	MODIFIER
S10_10632663	SORBI_3010G107800	MODIFIER
S10_10636412	SORBI_3010G107800	MODIFIER
S10_10647616	SORBI_3010G107901	MODIFIER
S10_10647638	SORBI_3010G107901	MODIFIER
S10_10647805	SORBI_3010G107901	MODIFIER
S10_10648227	SORBI_3010G107901	MODIFIER
S10_10649617	SORBI_3010G107901	MODIFIER
S10_10651646	SORBI_3010G107901	MODIFIER
S10_10653842	SORBI_3010G107901	MODIFIER
S10_10655109	SORBI_3010G107901	MODIFIER
S10_10655617	SORBI_3010G107901	MODIFIER
S10_10658695	SORBI_3010G107901	MODIFIER
S10_10658726	SORBI_3010G107901	MODIFIER
S10_10659125	SORBI_3010G107901	MODIFIER
S10_10682611	SORBI_3010G108001	MODERATE
S10_10690590	SORBI_3010G108100	MODIFIER
S10_10690604	SORBI_3010G108100	MODIFIER
S10_10690609	SORBI_3010G108100	MODIFIER
S10_10690703	SORBI_3010G108100	MODIFIER
S10_10703871	SORBI_3010G108200	MODIFIER
S10_10750844	SORBI_3010G108301	MODIFIER
S10_10751741	SORBI_3010G108301	MODERATE
S10_10754151	SORBI_3010G108301	MODIFIER
S10_10754160	SORBI_3010G108301	MODIFIER
S10_10785228	SORBI_3010G108401	MODIFIER
S10_10785370	SORBI_3010G108401	MODIFIER
S10_10786519	SORBI_3010G108401	MODIFIER
S10_10788858	SORBI_3010G108401	MODIFIER
S10_10788867	SORBI_3010G108401	MODIFIER
S10_10790766	SORBI_3010G108401	MODIFIER
S10_10790894	SORBI_3010G108401	MODIFIER
S10_10794216	SORBI_3010G108500	MODIFIER
S10_10794216	SORBI_3010G108401	MODIFIER
S10_10795523	SORBI_3010G108500	MODIFIER
S10_10795523	SORBI_3010G108401	MODIFIER
S10_10795683	SORBI_3010G108500	MODIFIER
S10_10795683	SORBI_3010G108401	MODIFIER
S10_11713308	SORBI_3010G112900	MODIFIER
S10_11785574	SORBI_3010G113150	MODIFIER
S10_11883260	SORBI_3010G113400	MODIFIER
S10_11883666	SORBI_3010G113400	MODERATE
S10_11926017	SORBI_3010G113500	MODIFIER
S10_12023673	SORBI_3010G114100	MODIFIER
S10_12395599	SORBI_3010G116000	MODIFIER
S10_12395607	SORBI_3010G116000	MODIFIER
S10_12627890	SORBI_3010G116200	MODIFIER
S10_12708756	SORBI_3010G116600	MODIFIER
S10_12708757	SORBI_3010G116600	MODIFIER
S10_12708823	SORBI_3010G116600	MODIFIER
S10_12719995	SORBI_3010G116650	MODIFIER
S10_12791992	SORBI_3010G116700	MODIFIER
S10_12825753	SORBI_3010G117000	MODIFIER
S10_12825753	SORBI_3010G117050	MODIFIER
S10_12835175	SORBI_3010G117100	MODIFIER
S10_12836035	SORBI_3010G117100	MODIFIER
S10_12862328	SORBI_3010G117200	MODIFIER
S10_12884541	SORBI_3010G117400	MODIFIER
S10_12884541	SORBI_3010G117300	MODIFIER
S10_12884541	SORBI_3010G117450	MODIFIER
S10_12942812	SORBI_3010G117800	MODERATE
S10_12942812	SORBI_3010G117850	MODIFIER
S10_12943291	SORBI_3010G117800	MODIFIER
S10_12943291	SORBI_3010G117850	MODIFIER
S10_13310664	SORBI_3010G119000	MODIFIER
S10_13313774	SORBI_3010G119000	MODIFIER
S10_13434151	SORBI_3010G119100	MODIFIER
S10_13434151	SORBI_3010G119100	MODIFIER
S10_13434151	SORBI_3010G119100	MODIFIER
S10_13434173	SORBI_3010G119100	MODIFIER
S10_13434173	SORBI_3010G119100	MODIFIER
S10_13434173	SORBI_3010G119100	MODIFIER
S10_13434564	SORBI_3010G119100	MODIFIER
S10_13434564	SORBI_3010G119100	MODIFIER
S10_13434564	SORBI_3010G119100	MODIFIER
S10_13434822	SORBI_3010G119100	MODIFIER
S10_13434822	SORBI_3010G119100	MODIFIER
S10_13434822	SORBI_3010G119100	MODIFIER
S10_13435549	SORBI_3010G119100	MODIFIER
S10_13435549	SORBI_3010G119100	MODIFIER
S10_13435549	SORBI_3010G119100	MODIFIER
S10_13435978	SORBI_3010G119100	MODIFIER
S10_13435978	SORBI_3010G119100	MODIFIER
S10_13435978	SORBI_3010G119100	MODIFIER
S10_13435984	SORBI_3010G119100	MODIFIER
S10_13435984	SORBI_3010G119100	MODIFIER
S10_13435984	SORBI_3010G119100	MODIFIER
S10_13436001	SORBI_3010G119100	MODIFIER
S10_13436001	SORBI_3010G119100	MODIFIER
S10_13436001	SORBI_3010G119100	MODIFIER
S10_13436004	SORBI_3010G119100	MODIFIER
S10_13436004	SORBI_3010G119100	MODIFIER
S10_13436004	SORBI_3010G119100	MODIFIER
S10_13436010	SORBI_3010G119100	MODIFIER
S10_13436010	SORBI_3010G119100	MODIFIER
S10_13436010	SORBI_3010G119100	MODIFIER
S10_13436025	SORBI_3010G119100	MODIFIER
S10_13436025	SORBI_3010G119100	MODIFIER
S10_13436025	SORBI_3010G119100	MODIFIER
S10_13436026	SORBI_3010G119100	MODIFIER
S10_13436026	SORBI_3010G119100	MODIFIER
S10_13436026	SORBI_3010G119100	MODIFIER
S10_13436922	SORBI_3010G119100	MODIFIER
S10_13436922	SORBI_3010G119100	MODIFIER
S10_13436922	SORBI_3010G119100	MODIFIER
S10_13438816	SORBI_3010G119100	MODIFIER
S10_13438816	SORBI_3010G119100	MODIFIER
S10_13438816	SORBI_3010G119100	MODIFIER
S10_13438823	SORBI_3010G119100	MODIFIER
S10_13438823	SORBI_3010G119100	MODIFIER
S10_13438823	SORBI_3010G119100	MODIFIER
S10_13474454	SORBI_3010G119200	MODIFIER
S10_13479183	SORBI_3010G119200	MODIFIER
S10_13479195	SORBI_3010G119200	MODIFIER
S10_13479203	SORBI_3010G119200	MODIFIER
S10_13479209	SORBI_3010G119200	MODIFIER
S10_13479212	SORBI_3010G119200	MODIFIER
S10_13604704	SORBI_3010G119900	MODIFIER
S10_13627618	SORBI_3010G120000	MODIFIER
S10_13686456	SORBI_3010G120100	MODIFIER
S10_13801631	SORBI_3010G120300	MODIFIER
S10_13835812	SORBI_3010G120400	MODIFIER
S10_13835812	SORBI_3010G120500	MODIFIER
S10_13952918	SORBI_3010G121200	MODIFIER
S10_14150039	SORBI_3010G121700	MODIFIER
S10_14150039	SORBI_3010G121800	MODIFIER
S10_14150042	SORBI_3010G121700	MODIFIER
S10_14150042	SORBI_3010G121800	MODIFIER
S10_14150044	SORBI_3010G121700	MODIFIER
S10_14150044	SORBI_3010G121800	MODIFIER
S10_14188503	SORBI_3010G122200	MODIFIER
S10_14188503	SORBI_3010G122400	MODIFIER
S10_14188503	SORBI_3010G122200	MODIFIER
S10_14188503	SORBI_3010G122300	MODIFIER
S10_14188503	SORBI_3010G122300	MODIFIER
S10_14188503	SORBI_3010G122400	MODIFIER
S10_14188503	SORBI_3010G122200	MODIFIER
S10_14188503	SORBI_3010G122200	MODIFIER
S10_14188503	SORBI_3010G122400	MODIFIER
S10_14509300	SORBI_3010G123300	LOW
S10_14509314	SORBI_3010G123300	LOW
S10_14509359	SORBI_3010G123300	LOW
S10_14509362	SORBI_3010G123300	LOW
S10_14509389	SORBI_3010G123300	LOW
S10_14799000	SORBI_3010G123901	MODIFIER
S10_14804303	SORBI_3010G123901	MODIFIER
S10_14831959	SORBI_3010G124166	MODIFIER
S10_14831960	SORBI_3010G124166	MODIFIER
S10_15050367	SORBI_3010G124400	MODIFIER
S10_15050369	SORBI_3010G124400	MODIFIER
S10_15050393	SORBI_3010G124400	MODIFIER
S10_15050405	SORBI_3010G124400	MODIFIER
S10_15176365	SORBI_3010G124600	MODIFIER
S10_15435015	SORBI_3010G125300	MODIFIER
S10_15435106	SORBI_3010G125300	MODIFIER
S10_15435110	SORBI_3010G125300	MODIFIER
S10_15435131	SORBI_3010G125300	MODIFIER
S10_15441225	SORBI_3010G125300	MODIFIER
S10_15512664	SORBI_3010G125500	MODIFIER
S10_15610731	SORBI_3010G125900	MODIFIER
S10_15913445	SORBI_3010G126500	MODIFIER
S10_16169063	SORBI_3010G127600	MODIFIER
S10_16169063	SORBI_3010G127600	MODIFIER
S10_16177155	SORBI_3010G127600	MODIFIER
S10_16541294	SORBI_3010G128101	MODIFIER
S10_16611080	SORBI_3010G128200	MODIFIER
S10_16879726	SORBI_3010G128400	MODIFIER
S10_16879726	SORBI_3010G128500	MODIFIER
S10_16881237	SORBI_3010G128400	MODIFIER
S10_16881237	SORBI_3010G128500	MODIFIER
S10_16881237	SORBI_3010G128500	MODIFIER
S10_16901546	SORBI_3010G128601	MODIFIER
S10_16901559	SORBI_3010G128601	MODIFIER
S10_16974808	SORBI_3010G128700	MODIFIER
S10_17326497	SORBI_3010G129100	MODIFIER
S10_17842161	SORBI_3010G130700	MODIFIER
S10_18019315	SORBI_3010G131101	MODIFIER
S10_18306402	SORBI_3010G132500	MODIFIER
S10_18306402	SORBI_3010G132550	MODIFIER
S10_18306402	SORBI_3010G132600	MODIFIER
S10_18306402	SORBI_3010G132600	MODIFIER
S10_18479096	SORBI_3010G132900	MODIFIER
S10_18479096	SORBI_3010G132900	MODIFIER
S10_18479096	SORBI_3010G132900	MODIFIER
S10_18675281	SORBI_3010G133100	MODIFIER
S10_18771969	SORBI_3010G133225	MODIFIER
S10_18771983	SORBI_3010G133225	MODIFIER
S10_18810174	SORBI_3010G133250	MODIFIER
S10_18810284	SORBI_3010G133250	MODIFIER
S10_18810385	SORBI_3010G133250	MODIFIER
S10_18815645	SORBI_3010G133250	MODIFIER
S10_19409059	SORBI_3010G133300	MODIFIER
S10_19409145	SORBI_3010G133300	MODIFIER
S10_19455444	SORBI_3010G133800	MODIFIER
S10_19455444	SORBI_3010G133700	MODIFIER
S10_19455444	SORBI_3010G133866	MODIFIER
S10_19485606	SORBI_3010G133932	MODIFIER
S10_19485635	SORBI_3010G133932	MODIFIER
S10_19485655	SORBI_3010G133932	MODIFIER
S10_19619048	SORBI_3010G134400	MODIFIER
S10_19619048	SORBI_3010G134400	MODIFIER
S10_19619048	SORBI_3010G134400	MODIFIER
S10_19619048	SORBI_3010G134400	MODIFIER
S10_19619048	SORBI_3010G134400	MODIFIER
S10_19943928	SORBI_3010G134900	MODIFIER
S10_19943928	SORBI_3010G134900	MODIFIER
S10_20544563	SORBI_3010G136200	MODIFIER
S10_20544563	SORBI_3010G136200	MODIFIER
S10_20764576	SORBI_3010G136450	MODIFIER
S10_21666443	SORBI_3010G137333	MODIFIER
S10_22032156	SORBI_3010G137500	MODERATE
S10_24119003	SORBI_3010G139550	MODIFIER
S10_24370298	SORBI_3010G139600	MODIFIER
S10_27166246	SORBI_3010G140500	MODIFIER
S10_27166285	SORBI_3010G140500	MODIFIER
S10_27168283	SORBI_3010G140500	MODIFIER
S10_33909038	SORBI_3010G141001	MODIFIER
S10_34410095	SORBI_3010G141400	MODIFIER
S10_35307727	SORBI_3010G141500	MODIFIER
S10_35307727	SORBI_3010G141500	MODIFIER
S10_35307727	SORBI_3010G141500	MODIFIER
S10_37155791	SORBI_3010G142650	MODIFIER
S10_37665064	SORBI_3010G142700	MODIFIER
S10_37665064	SORBI_3010G142700	MODIFIER
S10_38401878	SORBI_3010G143800	MODIFIER
S10_38401878	SORBI_3010G143800	MODIFIER
S10_38401878	SORBI_3010G143800	MODIFIER
S10_39419239	SORBI_3010G144500	MODIFIER
S10_40823295	SORBI_3010G145100	MODIFIER
S10_40823353	SORBI_3010G145100	MODIFIER
S10_41239415	SORBI_3010G145650	MODIFIER
S10_41239861	SORBI_3010G145650	MODIFIER
S10_41241689	SORBI_3010G145650	MODIFIER
S10_41888731	SORBI_3010G146600	MODIFIER
S10_41888731	SORBI_3010G146600	MODIFIER
S10_41889266	SORBI_3010G146600	MODIFIER
S10_41889266	SORBI_3010G146600	MODIFIER
S10_42211022	SORBI_3010G147250	MODIFIER
S10_42215058	SORBI_3010G147300	MODIFIER
S10_42251971	SORBI_3010G147500	MODIFIER
S10_42353965	SORBI_3010G147833	MODIFIER
S10_42353965	SORBI_3010G147833	MODIFIER
S10_42353979	SORBI_3010G147833	MODIFIER
S10_42353979	SORBI_3010G147833	MODIFIER
S10_42354022	SORBI_3010G147833	MODIFIER
S10_42354022	SORBI_3010G147833	MODIFIER
S10_42354038	SORBI_3010G147833	MODIFIER
S10_42354038	SORBI_3010G147833	MODIFIER
S10_42787599	SORBI_3010G148750	MODIFIER
S10_42972351	SORBI_3010G149200	MODIFIER
S10_43189123	SORBI_3010G149700	MODIFIER
S10_43189123	SORBI_3010G149800	MODIFIER
S10_43266363	SORBI_3010G150100	MODIFIER
S10_43266363	SORBI_3010G150100	MODIFIER
S10_43266363	SORBI_3010G150100	MODIFIER
S10_43266363	SORBI_3010G150200	MODIFIER
S10_43274422	SORBI_3010G150200	MODIFIER
S10_43597583	SORBI_3010G150800	MODIFIER
S10_43597586	SORBI_3010G150800	MODIFIER
S10_43597595	SORBI_3010G150800	MODIFIER
S10_43597597	SORBI_3010G150800	MODIFIER
S10_43597762	SORBI_3010G150800	MODIFIER
S10_43742479	SORBI_3010G151100	MODIFIER
S10_43742479	SORBI_3010G151050	MODIFIER
S10_43742508	SORBI_3010G151100	MODIFIER
S10_43742508	SORBI_3010G151050	MODIFIER
S10_43742522	SORBI_3010G151100	MODIFIER
S10_43742522	SORBI_3010G151050	MODIFIER
S10_43957776	SORBI_3010G151450	MODIFIER
S10_44015482	SORBI_3010G151575	MODIFIER
S10_44558265	SORBI_3010G153201	MODIFIER
S10_44759126	SORBI_3010G153900	MODIFIER
S10_44759126	SORBI_3010G153900	MODIFIER
S10_45755598	SORBI_3010G155401	MODIFIER
S10_45961099	SORBI_3010G155901	MODIFIER
S10_45976020	SORBI_3010G156000	MODIFIER
S10_45976020	SORBI_3010G156100	MODIFIER
S10_45987308	SORBI_3010G156100	MODIFIER
S10_45987329	SORBI_3010G156100	MODIFIER
S10_46034674	SORBI_3010G156400	MODIFIER
S10_46099411	SORBI_3010G156601	MODIFIER
S10_46111166	SORBI_3010G156800	MODIFIER
S10_46111166	SORBI_3010G156700	MODIFIER
S10_46111214	SORBI_3010G156800	MODIFIER
S10_46111214	SORBI_3010G156700	MODIFIER
S10_46111255	SORBI_3010G156800	MODIFIER
S10_46111255	SORBI_3010G156700	MODIFIER
S10_46164485	SORBI_3010G157000	MODIFIER
S10_46193259	SORBI_3010G157300	MODIFIER
S10_46193259	SORBI_3010G157400	MODIFIER
S10_46193264	SORBI_3010G157300	MODIFIER
S10_46193264	SORBI_3010G157400	MODIFIER
S10_46193266	SORBI_3010G157300	MODIFIER
S10_46193266	SORBI_3010G157400	MODIFIER
S10_46193333	SORBI_3010G157300	MODIFIER
S10_46193333	SORBI_3010G157400	MODIFIER
S10_46193334	SORBI_3010G157300	MODIFIER
S10_46193334	SORBI_3010G157400	MODIFIER
S10_46245287	SORBI_3010G157500	MODIFIER
S10_46332054	SORBI_3010G157600	MODIFIER
S10_46368686	SORBI_3010G157900	MODIFIER
S10_46571311	SORBI_3010G158400	MODIFIER
S10_46571343	SORBI_3010G158400	MODIFIER
S10_46571347	SORBI_3010G158400	MODIFIER
S10_46571352	SORBI_3010G158400	MODIFIER
S10_46575399	SORBI_3010G158400	MODIFIER
S10_46578206	SORBI_3010G158400	MODIFIER
S10_46583892	SORBI_3010G158500	MODIFIER
S10_46583921	SORBI_3010G158500	MODIFIER
S10_46585000	SORBI_3010G158500	MODIFIER
S10_46586853	SORBI_3010G158500	MODIFIER
S10_46586868	SORBI_3010G158500	MODIFIER
S10_46586872	SORBI_3010G158500	MODIFIER
S10_46586877	SORBI_3010G158500	MODIFIER
S10_46586879	SORBI_3010G158500	MODIFIER
S10_46628619	SORBI_3010G158601	MODIFIER
S10_46628620	SORBI_3010G158601	MODIFIER
S10_46628624	SORBI_3010G158601	MODIFIER
S10_46747028	SORBI_3010G159100	MODIFIER
S10_46812349	SORBI_3010G159200	MODIFIER
S10_46813293	SORBI_3010G159200	MODIFIER
S10_46835081	SORBI_3010G159400	MODIFIER
S10_46835081	SORBI_3010G159300	MODIFIER
S10_46835100	SORBI_3010G159400	MODIFIER
S10_46835100	SORBI_3010G159300	MODIFIER
S10_46835125	SORBI_3010G159400	MODIFIER
S10_46835125	SORBI_3010G159300	MODIFIER
S10_46836280	SORBI_3010G159400	MODIFIER
S10_46836280	SORBI_3010G159300	MODIFIER
S10_46881037	SORBI_3010G159600	MODIFIER
S10_47035493	SORBI_3010G160066	MODIFIER
S10_47035493	SORBI_3010G160066	MODIFIER
S10_47035493	SORBI_3010G160066	MODIFIER
S10_47035493	SORBI_3010G160066	MODIFIER
S10_47075821	SORBI_3010G160200	MODIFIER
S10_47075862	SORBI_3010G160200	MODIFIER
S10_47343405	SORBI_3010G160850	MODIFIER
S10_47357442	SORBI_3010G160900	MODIFIER
S10_47357442	SORBI_3010G160900	MODIFIER
S10_47645852	SORBI_3010G161050	MODERATE
S10_47679301	SORBI_3010G161100	MODIFIER
S10_47679301	SORBI_3010G161201	MODIFIER
S10_47679319	SORBI_3010G161100	MODIFIER
S10_47679319	SORBI_3010G161201	MODIFIER
S10_47679337	SORBI_3010G161100	MODIFIER
S10_47679337	SORBI_3010G161201	HIGH
S10_47679369	SORBI_3010G161100	MODIFIER
S10_47679369	SORBI_3010G161201	MODERATE
S10_47679544	SORBI_3010G161100	MODIFIER
S10_47679544	SORBI_3010G161201	LOW
S10_47736284	SORBI_3010G161400	MODIFIER
S10_47736295	SORBI_3010G161400	MODIFIER
S10_47736314	SORBI_3010G161400	MODIFIER
S10_47751245	SORBI_3010G161450	MODIFIER
S10_47849747	SORBI_3010G161600	MODIFIER
S10_47849747	SORBI_3010G161600	MODIFIER
S10_47934990	SORBI_3010G162101	MODIFIER
S10_47935229	SORBI_3010G162101	MODIFIER
S10_47935248	SORBI_3010G162101	MODIFIER
S10_48077705	SORBI_3010G162700	MODIFIER
S10_48136129	SORBI_3010G163100	MODIFIER
S10_48156315	SORBI_3010G163200	MODIFIER
S10_48156315	SORBI_3010G163150	MODIFIER
S10_48156385	SORBI_3010G163200	MODIFIER
S10_48156385	SORBI_3010G163150	MODIFIER
S10_48182358	SORBI_3010G163400	MODIFIER
S10_48182358	SORBI_3010G163400	MODIFIER
S10_48182358	SORBI_3010G163400	MODIFIER
S10_48182358	SORBI_3010G163400	MODIFIER
S10_48182358	SORBI_3010G163400	MODIFIER
S10_48182358	SORBI_3010G163400	MODIFIER
S10_48182358	SORBI_3010G163400	MODIFIER
S10_48182358	SORBI_3010G163400	MODIFIER
S10_48212740	SORBI_3010G163800	MODIFIER
S10_48212740	SORBI_3010G163732	MODIFIER
S10_48251580	SORBI_3010G164000	MODIFIER
S10_48251580	SORBI_3010G164000	MODIFIER
S10_48251580	SORBI_3010G164000	MODIFIER
S10_48580613	SORBI_3010G164400	MODIFIER
S10_48703085	SORBI_3010G164600	MODIFIER
S10_48703095	SORBI_3010G164600	MODIFIER
S10_48803981	SORBI_3010G165100	MODIFIER
S10_48938605	SORBI_3010G165700	MODIFIER
S10_48953825	SORBI_3010G165700	HIGH
S10_48953825	SORBI_3010G165800	MODIFIER
S10_48999454	SORBI_3010G165950	MODIFIER
S10_49584503	SORBI_3010G167800	MODIFIER
S10_49771937	SORBI_3010G168700	MODIFIER
S10_49941974	SORBI_3010G169250	LOW
S10_49944202	SORBI_3010G169250	MODIFIER
S10_50009359	SORBI_3010G169500	MODIFIER
S10_50035563	SORBI_3010G169700	MODIFIER
S10_50035563	SORBI_3010G169700	MODIFIER
S10_50096517	SORBI_3010G170000	MODIFIER
S10_50096532	SORBI_3010G170000	MODIFIER
S10_50096533	SORBI_3010G170000	MODIFIER
S10_50108562	SORBI_3010G170000	MODIFIER
S10_50109260	SORBI_3010G170000	MODIFIER
S10_50183829	SORBI_3010G170400	MODIFIER
S10_50183829	SORBI_3010G170400	MODIFIER
S10_50183829	SORBI_3010G170400	MODIFIER
S10_50183829	SORBI_3010G170500	MODERATE
S10_50210589	SORBI_3010G170700	MODIFIER
S10_50210595	SORBI_3010G170700	MODIFIER
S10_50231002	SORBI_3010G170900	MODIFIER
S10_50231002	SORBI_3010G170800	MODIFIER
S10_50551632	SORBI_3010G172100	MODIFIER
S10_50551632	SORBI_3010G172000	MODIFIER
S10_50551632	SORBI_3010G172100	MODIFIER
S10_50609835	SORBI_3010G172200	MODIFIER
S10_50654365	SORBI_3010G172300	MODIFIER
S10_50654368	SORBI_3010G172300	MODIFIER
S10_50654394	SORBI_3010G172300	MODIFIER
S10_50654399	SORBI_3010G172300	MODIFIER
S10_50654404	SORBI_3010G172300	MODIFIER
S10_50654405	SORBI_3010G172300	MODIFIER
S10_50654409	SORBI_3010G172300	MODIFIER
S10_50654416	SORBI_3010G172300	MODIFIER
S10_50654420	SORBI_3010G172300	MODIFIER
S10_50654422	SORBI_3010G172300	MODIFIER
S10_50875933	SORBI_3010G173550	MODIFIER
S10_50929581	SORBI_3010G173800	MODIFIER
S10_50929581	SORBI_3010G173800	MODIFIER
S10_50929581	SORBI_3010G173800	MODIFIER
S10_50950824	SORBI_3010G174100	MODIFIER
S10_51003711	SORBI_3010G174400	MODIFIER
S10_51058054	SORBI_3010G174800	MODIFIER
S10_51147513	SORBI_3010G175350	MODIFIER
S10_51157101	SORBI_3010G175350	MODIFIER
S10_51157102	SORBI_3010G175350	MODIFIER
S10_51286112	SORBI_3010G175700	MODIFIER
S10_51329245	SORBI_3010G175900	MODIFIER
S10_51329287	SORBI_3010G175900	MODIFIER
S10_51502738	SORBI_3010G177100	MODIFIER
S10_51502738	SORBI_3010G177200	MODIFIER
S10_51502738	SORBI_3010G177200	MODIFIER
S10_51502753	SORBI_3010G177100	MODIFIER
S10_51502753	SORBI_3010G177200	MODIFIER
S10_51502753	SORBI_3010G177200	MODIFIER
S10_51502759	SORBI_3010G177100	MODIFIER
S10_51502759	SORBI_3010G177200	MODIFIER
S10_51502759	SORBI_3010G177200	MODIFIER
S10_51503769	SORBI_3010G177200	MODIFIER
S10_51503769	SORBI_3010G177200	MODIFIER
S10_51511762	SORBI_3010G177300	MODIFIER
S10_51553934	SORBI_3010G177600	MODIFIER
S10_51553968	SORBI_3010G177600	MODIFIER
S10_51604417	SORBI_3010G178000	MODIFIER
S10_51604417	SORBI_3010G177900	MODIFIER
S10_51604417	SORBI_3010G177900	MODIFIER
S10_51663993	SORBI_3010G178600	MODIFIER
S10_51663993	SORBI_3010G178600	MODIFIER
S10_51762745	SORBI_3010G179500	MODIFIER
S10_51762751	SORBI_3010G179500	MODIFIER
S10_51876290	SORBI_3010G180000	MODIFIER
S10_51944579	SORBI_3010G180350	MODIFIER
S10_51982800	SORBI_3010G180500	MODIFIER
S10_51982800	SORBI_3010G180600	MODIFIER
S10_51982800	SORBI_3010G180550	MODIFIER
S10_52048818	SORBI_3010G181200	MODIFIER
S10_52048818	SORBI_3010G181150	MODIFIER
S10_52048818	SORBI_3010G181150	MODIFIER
S10_52058569	SORBI_3010G181200	MODIFIER
S10_52058569	SORBI_3010G181300	MODIFIER
S10_52111816	SORBI_3010G182000	MODIFIER
S10_52111816	SORBI_3010G181900	MODIFIER
S10_52121461	SORBI_3010G182100	MODIFIER
S10_52133536	SORBI_3010G182200	MODIFIER
S10_52198786	SORBI_3010G182300	MODIFIER
S10_52198786	SORBI_3010G182300	MODIFIER
S10_52198786	SORBI_3010G182300	MODIFIER
S10_52199550	SORBI_3010G182300	MODIFIER
S10_52199550	SORBI_3010G182300	MODIFIER
S10_52199550	SORBI_3010G182300	MODIFIER
S10_52203840	SORBI_3010G182300	MODIFIER
S10_52203840	SORBI_3010G182300	MODIFIER
S10_52203840	SORBI_3010G182300	MODIFIER
S10_52383509	SORBI_3010G184000	MODIFIER
S10_52383519	SORBI_3010G184000	MODIFIER
S10_52387990	SORBI_3010G184000	MODIFIER
S10_52387990	SORBI_3010G184100	MODIFIER
S10_52388013	SORBI_3010G184000	MODIFIER
S10_52388013	SORBI_3010G184100	MODIFIER
S10_52421698	SORBI_3010G184500	MODIFIER
S10_52421698	SORBI_3010G184600	MODIFIER
S10_52421698	SORBI_3010G184400	MODIFIER
S10_52453313	SORBI_3010G184800	MODIFIER
S10_52453322	SORBI_3010G184800	MODIFIER
S10_52453323	SORBI_3010G184800	MODIFIER
S10_52453329	SORBI_3010G184800	MODIFIER
S10_52453339	SORBI_3010G184800	MODIFIER
S10_52453410	SORBI_3010G184800	MODIFIER
S10_52473504	SORBI_3010G184900	MODIFIER
S10_52473537	SORBI_3010G184900	MODIFIER
S10_52473538	SORBI_3010G184900	MODIFIER
S10_52726198	SORBI_3010G186600	MODIFIER
S10_52726198	SORBI_3010G186700	MODIFIER
S10_52726198	SORBI_3010G186700	MODIFIER
S10_52726198	SORBI_3010G186700	MODIFIER
S10_52726198	SORBI_3010G186600	MODIFIER
S10_52751871	SORBI_3010G187000	MODERATE
S10_52751871	SORBI_3010G186900	MODIFIER
S10_52751874	SORBI_3010G187000	MODERATE
S10_52751874	SORBI_3010G186900	MODIFIER
S10_52751878	SORBI_3010G187000	LOW
S10_52751878	SORBI_3010G186900	MODIFIER
S10_52751882	SORBI_3010G187000	MODERATE
S10_52751882	SORBI_3010G186900	MODIFIER
S10_52762938	SORBI_3010G187100	MODIFIER
S10_52762938	SORBI_3010G187201	MODIFIER
S10_52765138	SORBI_3010G187100	MODIFIER
S10_52765138	SORBI_3010G187201	MODIFIER
S10_52765165	SORBI_3010G187100	MODIFIER
S10_52765165	SORBI_3010G187201	MODIFIER
S10_52844711	SORBI_3010G187800	MODIFIER
S10_52844711	SORBI_3010G187700	MODIFIER
S10_52844711	SORBI_3010G187950	MODIFIER
S10_52844711	SORBI_3010G187900	MODIFIER
S10_52844711	SORBI_3010G187900	MODIFIER
S10_52849250	SORBI_3010G187800	MODIFIER
S10_52849250	SORBI_3010G187950	MODIFIER
S10_52849250	SORBI_3010G187900	MODIFIER
S10_52849250	SORBI_3010G187900	MODIFIER
S10_52853776	SORBI_3010G187900	MODIFIER
S10_52853776	SORBI_3010G187900	MODIFIER
S10_52959648	SORBI_3010G189100	MODIFIER
S10_52966817	SORBI_3010G189100	MODIFIER
S10_52966817	SORBI_3010G189200	MODIFIER
S10_53067594	SORBI_3010G189600	MODIFIER
S10_53067594	SORBI_3010G189600	MODIFIER
S10_53067594	SORBI_3010G189600	MODIFIER
S10_53067594	SORBI_3010G189600	MODIFIER
S10_53067594	SORBI_3010G189600	MODIFIER
S10_53067596	SORBI_3010G189600	MODIFIER
S10_53067596	SORBI_3010G189600	MODIFIER
S10_53067596	SORBI_3010G189600	MODIFIER
S10_53067596	SORBI_3010G189600	MODIFIER
S10_53067596	SORBI_3010G189600	MODIFIER
S10_53079920	SORBI_3010G189600	MODIFIER
S10_53079920	SORBI_3010G189600	MODIFIER
S10_53079920	SORBI_3010G189600	MODIFIER
S10_53079920	SORBI_3010G189600	MODIFIER
S10_53079920	SORBI_3010G189600	MODIFIER
S10_53079929	SORBI_3010G189600	MODIFIER
S10_53079929	SORBI_3010G189600	MODIFIER
S10_53079929	SORBI_3010G189600	MODIFIER
S10_53079929	SORBI_3010G189600	MODIFIER
S10_53079929	SORBI_3010G189600	MODIFIER
S10_53081133	SORBI_3010G189600	MODIFIER
S10_53081133	SORBI_3010G189600	MODIFIER
S10_53081133	SORBI_3010G189600	MODIFIER
S10_53081133	SORBI_3010G189600	MODIFIER
S10_53081133	SORBI_3010G189600	MODIFIER
S10_53081146	SORBI_3010G189600	MODIFIER
S10_53081146	SORBI_3010G189600	MODIFIER
S10_53081146	SORBI_3010G189600	MODIFIER
S10_53081146	SORBI_3010G189600	MODIFIER
S10_53081146	SORBI_3010G189600	MODIFIER
S10_53081163	SORBI_3010G189600	MODIFIER
S10_53081163	SORBI_3010G189600	MODIFIER
S10_53081163	SORBI_3010G189600	MODIFIER
S10_53081163	SORBI_3010G189600	MODIFIER
S10_53081163	SORBI_3010G189600	MODIFIER
S10_53081190	SORBI_3010G189600	MODIFIER
S10_53081190	SORBI_3010G189600	MODIFIER
S10_53081190	SORBI_3010G189600	MODIFIER
S10_53081190	SORBI_3010G189600	MODIFIER
S10_53081190	SORBI_3010G189600	MODIFIER
S10_53092107	SORBI_3010G189700	MODIFIER
S10_53122852	SORBI_3010G190200	MODIFIER
S10_53122852	SORBI_3010G190100	MODIFIER
S10_53122853	SORBI_3010G190200	MODIFIER
S10_53122853	SORBI_3010G190100	MODIFIER
S10_53122858	SORBI_3010G190200	MODIFIER
S10_53122858	SORBI_3010G190100	MODIFIER
S10_53126379	SORBI_3010G190200	MODIFIER
S10_53126379	SORBI_3010G190300	MODIFIER
S10_53126386	SORBI_3010G190200	MODIFIER
S10_53126386	SORBI_3010G190300	MODIFIER
S10_53282420	SORBI_3010G191400	MODIFIER
S10_53282420	SORBI_3010G191450	MODIFIER
S10_53328553	SORBI_3010G191750	MODIFIER
S10_53398851	SORBI_3010G192200	MODIFIER
S10_53462494	SORBI_3010G192500	MODIFIER
S10_53462494	SORBI_3010G192432	MODIFIER
S10_53462494	SORBI_3010G192432	MODIFIER
S10_53521961	SORBI_3010G193100	MODIFIER
S10_53521961	SORBI_3010G193200	MODIFIER
S10_53679099	SORBI_3010G194200	MODIFIER
S10_53844429	SORBI_3010G195200	MODIFIER
S10_53844429	SORBI_3010G195301	MODIFIER
S10_53844429	SORBI_3010G195200	MODIFIER
S10_53863571	SORBI_3010G195500	MODIFIER
S10_53863571	SORBI_3010G195500	MODIFIER
S10_53863571	SORBI_3010G195500	MODIFIER
S10_53863571	SORBI_3010G195500	MODIFIER
S10_53863845	SORBI_3010G195500	MODIFIER
S10_53863845	SORBI_3010G195500	MODIFIER
S10_53863845	SORBI_3010G195500	MODIFIER
S10_53863845	SORBI_3010G195500	MODIFIER
S10_53904047	SORBI_3010G195901	MODIFIER
S10_53904057	SORBI_3010G195901	MODIFIER
S10_53904095	SORBI_3010G195901	MODIFIER
S10_53904127	SORBI_3010G195901	MODIFIER
S10_53904146	SORBI_3010G195901	MODIFIER
S10_53904151	SORBI_3010G195901	MODIFIER
S10_53904152	SORBI_3010G195901	MODIFIER
S10_53944383	SORBI_3010G196200	MODIFIER
S10_53944383	SORBI_3010G196300	MODIFIER
S10_53981359	SORBI_3010G196600	MODIFIER
S10_54041775	SORBI_3010G197300	MODIFIER
S10_54041775	SORBI_3010G197300	MODIFIER
S10_54041775	SORBI_3010G197300	MODIFIER
S10_54043909	SORBI_3010G197300	MODIFIER
S10_54043909	SORBI_3010G197300	MODIFIER
S10_54043909	SORBI_3010G197300	MODIFIER
S10_54051305	SORBI_3010G197400	MODIFIER
S10_54051305	SORBI_3010G197500	MODIFIER
S10_54051305	SORBI_3010G197300	MODIFIER
S10_54051305	SORBI_3010G197300	MODIFIER
S10_54051305	SORBI_3010G197300	MODIFIER
S10_54051305	SORBI_3010G197400	MODIFIER
S10_54114732	SORBI_3010G198000	MODERATE
S10_54114732	SORBI_3010G198000	MODERATE
S10_54114732	SORBI_3010G198000	MODERATE
S10_54114732	SORBI_3010G197900	MODIFIER
S10_54540008	SORBI_3010G202600	MODIFIER
S10_54581254	SORBI_3010G203100	MODERATE
S10_54581254	SORBI_3010G203000	MODIFIER
S10_54581254	SORBI_3010G203150	MODIFIER
S10_54581284	SORBI_3010G203100	LOW
S10_54581284	SORBI_3010G203000	MODIFIER
S10_54581284	SORBI_3010G203150	MODIFIER
S10_54628320	SORBI_3010G204000	MODIFIER
S10_54646312	SORBI_3010G204100	MODIFIER
S10_54646312	SORBI_3010G204200	MODIFIER
S10_54646322	SORBI_3010G204100	MODIFIER
S10_54646322	SORBI_3010G204200	MODIFIER
S10_54646327	SORBI_3010G204100	MODIFIER
S10_54646327	SORBI_3010G204200	MODIFIER
S10_54646332	SORBI_3010G204100	MODIFIER
S10_54646332	SORBI_3010G204200	MODIFIER
S10_54646341	SORBI_3010G204100	MODIFIER
S10_54646341	SORBI_3010G204200	MODIFIER
S10_54646343	SORBI_3010G204100	MODIFIER
S10_54646343	SORBI_3010G204200	MODIFIER
S10_54646350	SORBI_3010G204100	MODIFIER
S10_54646350	SORBI_3010G204200	MODIFIER
S10_54646361	SORBI_3010G204100	MODIFIER
S10_54646361	SORBI_3010G204200	MODIFIER
S10_54646370	SORBI_3010G204100	MODIFIER
S10_54646370	SORBI_3010G204200	MODIFIER
S10_54646409	SORBI_3010G204100	MODIFIER
S10_54646409	SORBI_3010G204200	MODIFIER
S10_54661363	SORBI_3010G204300	MODIFIER
S10_54661363	SORBI_3010G204400	MODIFIER
S10_54801203	SORBI_3010G205200	MODIFIER
S10_54801203	SORBI_3010G205200	MODIFIER
S10_54934490	SORBI_3010G206300	MODIFIER
S10_54954460	SORBI_3010G206400	MODIFIER
S10_54954460	SORBI_3010G206501	MODIFIER
S10_54954460	SORBI_3010G206300	MODIFIER
S10_55013364	SORBI_3010G207325	MODIFIER
S10_55044240	SORBI_3010G207500	MODIFIER
S10_55168343	SORBI_3010G208500	MODIFIER
S10_55168343	SORBI_3010G208500	MODIFIER
S10_55168343	SORBI_3010G208600	MODIFIER
S10_55179066	SORBI_3010G208600	MODIFIER
S10_55192021	SORBI_3010G208700	MODIFIER
S10_55200109	SORBI_3010G208750	MODIFIER
S10_55232202	SORBI_3010G209000	MODIFIER
S10_55232202	SORBI_3010G209000	MODIFIER
S10_55356681	SORBI_3010G209800	MODIFIER
S10_55356681	SORBI_3010G209900	MODIFIER
S10_55356681	SORBI_3010G209900	MODIFIER
S10_55405052	SORBI_3010G210300	MODIFIER
S10_55405052	SORBI_3010G210400	MODIFIER
S10_55405052	SORBI_3010G210500	MODIFIER
S10_55428947	SORBI_3010G211100	MODIFIER
S10_55428947	SORBI_3010G210900	MODIFIER
S10_55428947	SORBI_3010G211200	MODIFIER
S10_55428947	SORBI_3010G211000	MODIFIER
S10_55428947	SORBI_3010G211000	MODIFIER
S10_55428947	SORBI_3010G211200	MODIFIER
S10_55428947	SORBI_3010G211200	MODIFIER
S10_55428985	SORBI_3010G211100	MODIFIER
S10_55428985	SORBI_3010G210900	MODIFIER
S10_55428985	SORBI_3010G211200	MODIFIER
S10_55428985	SORBI_3010G211000	MODIFIER
S10_55428985	SORBI_3010G211000	MODIFIER
S10_55428985	SORBI_3010G211200	MODIFIER
S10_55428985	SORBI_3010G211200	MODIFIER
S10_55429009	SORBI_3010G211100	MODIFIER
S10_55429009	SORBI_3010G210900	MODIFIER
S10_55429009	SORBI_3010G211200	MODIFIER
S10_55429009	SORBI_3010G211000	MODIFIER
S10_55429009	SORBI_3010G211000	MODIFIER
S10_55429009	SORBI_3010G211200	MODIFIER
S10_55429009	SORBI_3010G211200	MODIFIER
S10_55449725	SORBI_3010G211400	MODIFIER
S10_55449725	SORBI_3010G211500	MODIFIER
S10_55449754	SORBI_3010G211400	MODIFIER
S10_55449754	SORBI_3010G211500	MODIFIER
S10_55474720	SORBI_3010G211700	MODIFIER
S10_55474720	SORBI_3010G211800	MODIFIER
S10_55493868	SORBI_3010G212000	MODIFIER
S10_55493868	SORBI_3010G211900	MODIFIER
S10_55526954	SORBI_3010G212200	MODIFIER
S10_55526966	SORBI_3010G212200	MODIFIER
S10_55567709	SORBI_3010G212600	MODIFIER
S10_55574724	SORBI_3010G212600	MODIFIER
S10_55574724	SORBI_3010G212700	MODIFIER
S10_55574730	SORBI_3010G212600	MODIFIER
S10_55574730	SORBI_3010G212700	MODIFIER
S10_55574764	SORBI_3010G212600	MODIFIER
S10_55574764	SORBI_3010G212700	MODIFIER
S10_55613316	SORBI_3010G213200	MODIFIER
S10_55613316	SORBI_3010G213100	MODIFIER
S10_55613316	SORBI_3010G213100	MODIFIER
S10_55613318	SORBI_3010G213200	MODIFIER
S10_55613318	SORBI_3010G213100	MODIFIER
S10_55613318	SORBI_3010G213100	MODIFIER
S10_55613322	SORBI_3010G213200	MODIFIER
S10_55613322	SORBI_3010G213100	MODIFIER
S10_55613322	SORBI_3010G213100	MODIFIER
S10_55613323	SORBI_3010G213200	MODIFIER
S10_55613323	SORBI_3010G213100	MODIFIER
S10_55613323	SORBI_3010G213100	MODIFIER
S10_55613335	SORBI_3010G213200	MODIFIER
S10_55613335	SORBI_3010G213100	MODIFIER
S10_55613335	SORBI_3010G213100	MODIFIER
S10_55613340	SORBI_3010G213200	MODIFIER
S10_55613340	SORBI_3010G213100	MODIFIER
S10_55613340	SORBI_3010G213100	MODIFIER
S10_55719855	SORBI_3010G214200	MODERATE
S10_55719855	SORBI_3010G214150	MODIFIER
S10_55719860	SORBI_3010G214200	LOW
S10_55719860	SORBI_3010G214150	MODIFIER
S10_55719884	SORBI_3010G214200	LOW
S10_55719884	SORBI_3010G214150	MODIFIER
S10_55719887	SORBI_3010G214200	LOW
S10_55719887	SORBI_3010G214150	MODIFIER
S10_55719891	SORBI_3010G214200	MODERATE
S10_55719891	SORBI_3010G214150	MODIFIER
S10_55735002	SORBI_3010G214300	MODIFIER
S10_55735002	SORBI_3010G214500	MODIFIER
S10_55735002	SORBI_3010G214400	MODIFIER
S10_55735035	SORBI_3010G214300	MODIFIER
S10_55735035	SORBI_3010G214500	MODIFIER
S10_55735035	SORBI_3010G214400	MODIFIER
S10_55750457	SORBI_3010G214600	MODIFIER
S10_55757609	SORBI_3010G214700	MODIFIER
S10_55757609	SORBI_3010G214700	MODIFIER
S10_55826464	SORBI_3010G215400	MODIFIER
S10_55826464	SORBI_3010G215400	MODIFIER
S10_55826464	SORBI_3010G215400	MODIFIER
S10_55826482	SORBI_3010G215400	MODIFIER
S10_55826482	SORBI_3010G215400	MODIFIER
S10_55826482	SORBI_3010G215400	MODIFIER
S10_55852191	SORBI_3010G215600	MODIFIER
S10_55852191	SORBI_3010G215600	MODIFIER
S10_55852191	SORBI_3010G215600	MODIFIER
S10_55972410	SORBI_3010G216600	MODIFIER
S10_55972410	SORBI_3010G216500	MODIFIER
S10_56141595	SORBI_3010G218800	MODIFIER
S10_56142463	SORBI_3010G218800	MODIFIER
S10_56177738	SORBI_3010G219400	MODIFIER
S10_56177738	SORBI_3010G219400	MODIFIER
S10_56177738	SORBI_3010G219400	MODIFIER
S10_56177738	SORBI_3010G219400	MODIFIER
S10_56177738	SORBI_3010G219400	MODIFIER
S10_56177738	SORBI_3010G219400	MODIFIER
S10_56177738	SORBI_3010G219400	MODIFIER
S10_56177738	SORBI_3010G219500	MODIFIER
S10_56453926	SORBI_3010G222100	MODIFIER
S10_56453926	SORBI_3010G222100	MODIFIER
S10_56453926	SORBI_3010G222050	MODIFIER
S10_56453926	SORBI_3010G222200	MODIFIER
S10_56474372	SORBI_3010G222600	MODIFIER
S10_56474372	SORBI_3010G222600	MODIFIER
S10_56474372	SORBI_3010G222501	MODIFIER
S10_56474385	SORBI_3010G222600	MODIFIER
S10_56474385	SORBI_3010G222600	MODIFIER
S10_56474385	SORBI_3010G222501	MODIFIER
S10_56492193	SORBI_3010G222800	MODIFIER
S10_56492193	SORBI_3010G222800	MODIFIER
S10_56492193	SORBI_3010G222732	MODIFIER
S10_56492193	SORBI_3010G222800	MODIFIER
S10_56492193	SORBI_3010G222800	MODIFIER
S10_56507471	SORBI_3010G222900	MODIFIER
S10_56507471	SORBI_3010G223100	MODIFIER
S10_56651591	SORBI_3010G224600	MODIFIER
S10_56651597	SORBI_3010G224600	MODIFIER
S10_56651612	SORBI_3010G224600	MODIFIER
S10_56651637	SORBI_3010G224600	MODIFIER
S10_56651645	SORBI_3010G224600	MODIFIER
S10_56656238	SORBI_3010G224600	MODIFIER
S10_56656243	SORBI_3010G224600	MODIFIER
S10_56657967	SORBI_3010G224600	MODIFIER
S10_56677158	SORBI_3010G224700	MODIFIER
S10_56677158	SORBI_3010G224700	MODIFIER
S10_56677507	SORBI_3010G224700	MODIFIER
S10_56677507	SORBI_3010G224700	MODIFIER
S10_56678040	SORBI_3010G224700	MODIFIER
S10_56678040	SORBI_3010G224700	MODIFIER
S10_56678770	SORBI_3010G224700	MODIFIER
S10_56678770	SORBI_3010G224700	MODIFIER
S10_56680564	SORBI_3010G224700	MODIFIER
S10_56680564	SORBI_3010G224700	MODIFIER
S10_56680568	SORBI_3010G224700	MODIFIER
S10_56680568	SORBI_3010G224700	MODIFIER
S10_56680953	SORBI_3010G224700	MODIFIER
S10_56680953	SORBI_3010G224700	MODIFIER
S10_56680954	SORBI_3010G224700	MODIFIER
S10_56680954	SORBI_3010G224700	MODIFIER
S10_56680959	SORBI_3010G224700	MODIFIER
S10_56680959	SORBI_3010G224700	MODIFIER
S10_56681176	SORBI_3010G224700	MODIFIER
S10_56681176	SORBI_3010G224700	MODIFIER
S10_56681190	SORBI_3010G224700	MODIFIER
S10_56681190	SORBI_3010G224700	MODIFIER
S10_56681208	SORBI_3010G224700	MODIFIER
S10_56681208	SORBI_3010G224700	MODIFIER
S10_56681668	SORBI_3010G224700	MODIFIER
S10_56681668	SORBI_3010G224700	MODIFIER
S10_56681698	SORBI_3010G224700	MODIFIER
S10_56681698	SORBI_3010G224700	MODIFIER
S10_56681699	SORBI_3010G224700	MODIFIER
S10_56681699	SORBI_3010G224700	MODIFIER
S10_56686448	SORBI_3010G224700	MODIFIER
S10_56686448	SORBI_3010G224800	MODIFIER
S10_56686448	SORBI_3010G224900	MODIFIER
S10_56686448	SORBI_3010G224700	MODIFIER
S10_56882727	SORBI_3010G225950	MODIFIER
S10_56882727	SORBI_3010G225950	MODIFIER
S10_56882727	SORBI_3010G225950	MODIFIER
S10_56916767	SORBI_3010G226400	MODIFIER
S10_56916767	SORBI_3010G226400	MODIFIER
S10_56916767	SORBI_3010G226500	MODIFIER
S10_56931596	SORBI_3010G226700	MODIFIER
S10_56931596	SORBI_3010G226600	MODIFIER
S10_57096770	SORBI_3010G227950	MODIFIER
S10_57096772	SORBI_3010G227950	MODIFIER
S10_57109170	SORBI_3010G228000	MODIFIER
S10_57110457	SORBI_3010G228000	MODIFIER
S10_57116256	SORBI_3010G228100	MODIFIER
S10_57116264	SORBI_3010G228100	MODIFIER
S10_57116268	SORBI_3010G228100	MODIFIER
S10_57116293	SORBI_3010G228100	MODIFIER
S10_57116294	SORBI_3010G228100	MODIFIER
S10_57193551	SORBI_3010G229000	MODIFIER
S10_57193551	SORBI_3010G229025	MODIFIER
S10_57263210	SORBI_3010G229801	MODIFIER
S10_57428061	SORBI_3010G231400	MODIFIER
S10_57428061	SORBI_3010G231300	MODIFIER
S10_57428061	SORBI_3010G231300	MODIFIER
S10_57428061	SORBI_3010G231300	MODIFIER
S10_57428061	SORBI_3010G231350	MODIFIER
S10_57443128	SORBI_3010G231600	MODIFIER
S10_57443128	SORBI_3010G231500	MODIFIER
S10_57445972	SORBI_3010G231600	MODIFIER
S10_57445972	SORBI_3010G231500	MODIFIER
S10_57537932	SORBI_3010G232300	MODIFIER
S10_57537932	SORBI_3010G232200	MODIFIER
S10_57537932	SORBI_3010G232400	MODIFIER
S10_57744645	SORBI_3010G234800	MODIFIER
S10_57744645	SORBI_3010G234600	MODIFIER
S10_57744645	SORBI_3010G234900	MODIFIER
S10_57744645	SORBI_3010G234700	MODIFIER
S10_57744645	SORBI_3010G234800	MODIFIER
S10_57778600	SORBI_3010G235300	MODIFIER
S10_57778600	SORBI_3010G235400	LOW
S10_57778600	SORBI_3010G235500	MODIFIER
S10_57778600	SORBI_3010G235500	MODIFIER
S10_57778600	SORBI_3010G235500	MODIFIER
S10_57782319	SORBI_3010G235400	MODIFIER
S10_57782319	SORBI_3010G235500	MODIFIER
S10_57782319	SORBI_3010G235500	MODIFIER
S10_57782319	SORBI_3010G235550	MODIFIER
S10_57782319	SORBI_3010G235500	MODIFIER
S10_57857272	SORBI_3010G236200	LOW
S10_58092519	SORBI_3010G238900	MODIFIER
S10_58113726	SORBI_3010G239300	MODIFIER
S10_58204117	SORBI_3010G240100	MODIFIER
S10_58204117	SORBI_3010G240001	MODIFIER
S10_58204439	SORBI_3010G240100	MODIFIER
S10_58204439	SORBI_3010G240001	MODIFIER
S10_58270767	SORBI_3010G241000	MODIFIER
S10_58270767	SORBI_3010G241000	MODIFIER
S10_58281204	SORBI_3010G241100	MODIFIER
S10_58281204	SORBI_3010G241200	MODIFIER
S10_58354902	SORBI_3010G242300	MODIFIER
S10_58354902	SORBI_3010G242400	MODIFIER
S10_58354902	SORBI_3010G242400	MODIFIER
S10_58354902	SORBI_3010G242400	MODIFIER
S10_58354902	SORBI_3010G242400	MODIFIER
S10_58447522	SORBI_3010G243600	MODIFIER
S10_58447539	SORBI_3010G243600	MODIFIER
S10_58554163	SORBI_3010G245701	MODIFIER
S10_58554163	SORBI_3010G245601	MODIFIER
S10_58587155	SORBI_3010G246200	MODIFIER
S10_58587155	SORBI_3010G246200	MODIFIER
S10_58587155	SORBI_3010G246132	MODIFIER
S10_58595268	SORBI_3010G246200	MODIFIER
S10_58595268	SORBI_3010G246300	MODIFIER
S10_58595268	SORBI_3010G246200	MODIFIER
S10_58698613	SORBI_3010G246800	MODERATE
S10_58698613	SORBI_3010G246900	MODIFIER
S10_58698613	SORBI_3010G246900	MODIFIER
S10_58698613	SORBI_3010G246900	MODIFIER
S10_58698613	SORBI_3010G246900	MODIFIER
S10_58698613	SORBI_3010G246900	MODIFIER
S10_58698613	SORBI_3010G246900	MODIFIER
S10_58698706	SORBI_3010G246800	MODERATE
S10_58698706	SORBI_3010G246900	MODIFIER
S10_58698706	SORBI_3010G246900	MODIFIER
S10_58698706	SORBI_3010G246900	MODIFIER
S10_58698706	SORBI_3010G246900	MODIFIER
S10_58698706	SORBI_3010G246900	MODIFIER
S10_58698706	SORBI_3010G246900	MODIFIER
S10_58704386	SORBI_3010G246900	MODIFIER
S10_58704386	SORBI_3010G246900	MODIFIER
S10_58704386	SORBI_3010G246900	MODIFIER
S10_58704386	SORBI_3010G246900	MODIFIER
S10_58704386	SORBI_3010G246900	MODIFIER
S10_58704386	SORBI_3010G246900	MODIFIER
S10_58729459	SORBI_3010G247200	MODIFIER
S10_58729485	SORBI_3010G247200	MODIFIER
S10_58729489	SORBI_3010G247200	MODIFIER
S10_58729500	SORBI_3010G247200	MODIFIER
S10_58729503	SORBI_3010G247200	MODIFIER
S10_58729602	SORBI_3010G247200	MODIFIER
S10_58764280	SORBI_3010G247700	MODIFIER
S10_58764280	SORBI_3010G247600	MODIFIER
S10_58764280	SORBI_3010G247600	MODIFIER
S10_58764280	SORBI_3010G247600	MODIFIER
S10_58764333	SORBI_3010G247700	MODIFIER
S10_58764333	SORBI_3010G247600	HIGH
S10_58764333	SORBI_3010G247600	LOW
S10_58764333	SORBI_3010G247600	LOW
S10_59016941	SORBI_3010G251000	MODIFIER
S10_59025607	SORBI_3010G251000	MODIFIER
S10_59185043	SORBI_3010G252900	MODIFIER
S10_59185043	SORBI_3010G253100	MODIFIER
S10_59185043	SORBI_3010G253000	MODIFIER
S10_59185043	SORBI_3010G253000	MODIFIER
S10_59185043	SORBI_3010G252900	MODIFIER
S10_59236382	SORBI_3010G253400	MODIFIER
S10_59236382	SORBI_3010G253500	MODIFIER
S10_59236382	SORBI_3010G253500	MODIFIER
S10_59236382	SORBI_3010G253500	MODIFIER
S10_59236382	SORBI_3010G253500	MODIFIER
S10_59236382	SORBI_3010G253500	MODIFIER
S10_59236382	SORBI_3010G253500	MODIFIER
S10_59236382	SORBI_3010G253500	MODIFIER
S10_59236382	SORBI_3010G253500	MODIFIER
S10_59236382	SORBI_3010G253500	MODIFIER
S10_59236382	SORBI_3010G253500	MODIFIER
S10_59236382	SORBI_3010G253500	MODIFIER
S10_59236382	SORBI_3010G253500	MODIFIER
S10_59260426	SORBI_3010G253600	MODIFIER
S10_59260426	SORBI_3010G253500	MODIFIER
S10_59260426	SORBI_3010G253500	MODIFIER
S10_59260426	SORBI_3010G253500	MODIFIER
S10_59260426	SORBI_3010G253500	MODIFIER
S10_59260426	SORBI_3010G253500	MODIFIER
S10_59260426	SORBI_3010G253500	MODIFIER
S10_59260426	SORBI_3010G253500	MODIFIER
S10_59260426	SORBI_3010G253500	MODIFIER
S10_59260426	SORBI_3010G253500	MODIFIER
S10_59261180	SORBI_3010G253600	MODIFIER
S10_59261180	SORBI_3010G253500	MODIFIER
S10_59261180	SORBI_3010G253500	MODIFIER
S10_59261180	SORBI_3010G253500	MODIFIER
S10_59261180	SORBI_3010G253500	MODIFIER
S10_59261180	SORBI_3010G253500	MODIFIER
S10_59261180	SORBI_3010G253500	MODIFIER
S10_59261180	SORBI_3010G253500	MODIFIER
S10_59261180	SORBI_3010G253500	MODIFIER
S10_59261180	SORBI_3010G253500	MODIFIER
S10_59261189	SORBI_3010G253600	MODIFIER
S10_59261189	SORBI_3010G253500	MODIFIER
S10_59261189	SORBI_3010G253500	MODIFIER
S10_59261189	SORBI_3010G253500	MODIFIER
S10_59261189	SORBI_3010G253500	MODIFIER
S10_59261189	SORBI_3010G253500	MODIFIER
S10_59261189	SORBI_3010G253500	MODIFIER
S10_59261189	SORBI_3010G253500	MODIFIER
S10_59261189	SORBI_3010G253500	MODIFIER
S10_59261189	SORBI_3010G253500	MODIFIER
S10_59292198	SORBI_3010G254000	MODIFIER
S10_59292198	SORBI_3010G254100	MODIFIER
S10_59292198	SORBI_3010G254200	MODIFIER
S10_59292198	SORBI_3010G254200	MODIFIER
S10_59292198	SORBI_3010G254200	MODIFIER
S10_59292198	SORBI_3010G254200	MODIFIER
S10_59292198	SORBI_3010G254200	MODIFIER
S10_59292198	SORBI_3010G254200	MODIFIER
S10_59629587	SORBI_3010G259300	MODIFIER
S10_59629587	SORBI_3010G259233	MODIFIER
S10_59629587	SORBI_3010G259266	MODIFIER
S10_59629724	SORBI_3010G259300	MODIFIER
S10_59629724	SORBI_3010G259233	MODIFIER
S10_59629724	SORBI_3010G259266	MODIFIER
S10_59645100	SORBI_3010G259500	LOW
S10_59750056	SORBI_3010G261200	MODIFIER
S10_59750056	SORBI_3010G261300	MODIFIER
S10_59750056	SORBI_3010G261100	MODIFIER
S10_59750056	SORBI_3010G261300	MODIFIER
S10_59750056	SORBI_3010G261200	MODIFIER
S10_59750061	SORBI_3010G261200	MODIFIER
S10_59750061	SORBI_3010G261300	MODIFIER
S10_59750061	SORBI_3010G261100	MODIFIER
S10_59750061	SORBI_3010G261300	MODIFIER
S10_59750061	SORBI_3010G261200	MODIFIER
S10_59879023	SORBI_3010G262300	MODIFIER
S10_59893775	SORBI_3010G262400	MODIFIER
S10_59893775	SORBI_3010G262433	MODIFIER
S10_59893775	SORBI_3010G262466	MODIFIER
S10_60234476	SORBI_3010G267600	MODIFIER
S10_60234476	SORBI_3010G267650	MODIFIER
S10_60502558	SORBI_3010G270900	MODIFIER
S10_60502558	SORBI_3010G270900	MODIFIER
S10_60502558	SORBI_3010G271000	MODIFIER
S10_60566465	SORBI_3010G271800	MODIFIER
S10_60566465	SORBI_3010G271600	MODIFIER
S10_60566465	SORBI_3010G271700	MODIFIER
S10_60633607	SORBI_3010G273000	MODERATE
S10_60633607	SORBI_3010G273100	MODIFIER
S10_60700626	SORBI_3010G273900	MODIFIER
S10_60700626	SORBI_3010G274000	MODIFIER
S10_60700626	SORBI_3010G274000	MODIFIER
S10_60700626	SORBI_3010G273900	MODIFIER
S10_60700626	SORBI_3010G274000	MODIFIER
S10_60806162	SORBI_3010G274900	MODIFIER
S10_60809291	SORBI_3010G274900	MODIFIER
SSUPER_112_21804	SORBI_3K004201	MODIFIER
SSUPER_112_24553	SORBI_3K004201	MODIFIER
SSUPER_267_11539	SORBI_3K044409	MODIFIER
SSUPER_73_4109	SORBI_3K041900	MODIFIER
SSUPER_73_5931	SORBI_3K041900	MODIFIER
SSUPER_73_26871	SORBI_3K042000	MODIFIER
SSUPER_73_27846	SORBI_3K042000	MODIFIER
SSUPER_73_28037	SORBI_3K042000	MODIFIER
SSUPER_73_28238	SORBI_3K042000	MODIFIER
SSUPER_836_3417	SORBI_3K042700	MODIFIER
SSUPER_836_3640	SORBI_3K042700	MODIFIER
SSUPER_836_3678	SORBI_3K042700	MODIFIER
SSUPER_836_4205	SORBI_3K042700	MODIFIER
SSUPER_99_43231	SORBI_3K044200	MODIFIER
